??????????????撥?????????朵??????軋,???遴???????軋,??伍??撥???????賹????,?鈭?,?璇ｇ????伍?????摹??????,,,,,,
TXO_N5,2018/6/15,14.21,14.9,13.81,14.13,TX201806 ??? 2018/06,2018/6/15,0.6281,11055,145449
TXO_N5 ,2018/6/14,14.31,14.35,13.87,14.21,TX201807 ??? 2018/07,2018/6/15,0.6052,10808,24657
TXO_N5,2018/6/13,14.19,14.36,14.01,14.01,TX201806 ??? 2018/06,2018/6/14,-1.4445,10985,143124
TXO_N5,2018/6/12,14.49,14.55,14.15,14.42,TX201807 ??? 2018/07,2018/6/14,-1.3954,10742,11364
TXO_N5,2018/6/11,13.86,14.45,13.8,14.45,TX201806 ??? 2018/06,2018/6/13,0.0449,11146,114215
TXO_N5,2018/6/8,13.6,13.81,13.27,13.81,TX201807 ??? 2018/07,2018/6/13,0.0551,10893,2850
TXO_N5,2018/6/7,13.68,13.91,13.11,13.2,TX201806 ??? 2018/06,2018/6/12,0.1168,11141,159832
TXO_N5,2018/6/6,13.67,13.73,13.33,13.56,TX201807 ??? 2018/07,2018/6/12,0.2025,10886,4274
TXO_N5,2018/6/5,13.8,14.02,13.45,14.02,TX201806 ??? 2018/06,2018/6/11,0.027,11128,104423
TXO_N5,2018/6/4,13.64,13.83,13.31,13.83,TX201807 ??? 2018/07,2018/6/11,0.0184,10866,2102
TXO_N5,2018/6/1,13.8,14.13,13.12,14.13,TX201806 ??? 2018/06,2018/6/8,-0.9085,11125,122509
TXO_N5,2018/5/31,13.78,14,13.61,14,TX201807 ??? 2018/07,2018/6/8,-0.9212,10864,1839
TXO_N5,2018/5/30,14.39,15,14.17,15,TX201806 ??? 2018/06,2018/6/7,0.259,11227,127407
TXO_N5,2018/5/29,13.24,13.48,13.18,13.28,TX201807 ??? 2018/07,2018/6/7,0.2469,10963,2461
TXO_N5,2018/5/28,13.05,13.3,13.02,13.09,TX201806 ??? 2018/06,2018/6/6,1.1654,11200,134205
TXO_N5,2018/5/25,13.42,13.5,12.96,13.05,TX201807 ??? 2018/07,2018/6/6,1.1936,10938,2657
TXO_N5,2018/5/24,13.24,13.72,13.16,13.27,TX201806 ??? 2018/06,2018/6/5,-0.1353,11069,119504
TXO_N5,2018/5/23,12.78,13.55,12.77,13.55,TX201807 ??? 2018/07,2018/6/5,-0.1109,10807,2098
TXO_N5,2018/5/22,12.89,13.02,12.75,12.91,TX201806 ??? 2018/06,2018/6/4,1.5576,11085,109687
TXO_N5,2018/5/21,13.18,13.18,12.81,13.09,TX201807 ??? 2018/07,2018/6/4,1.5295,10821,3420
TXO_N5,2018/5/18,13.09,13.29,12.72,13.29,TX201806 ??? 2018/06,2018/6/1,0.451,10915,111930
TXO_N5,2018/5/17,12.97,13.23,12.84,13.23,TX201807 ??? 2018/07,2018/6/1,0.4524,10655,1607
TXO_N5,2018/5/16,13.59,13.6,13.03,13.03,TX201806 ??? 2018/06,2018/5/31,0.8259,10867,124660
TXO_N5,2018/5/15,12.73,13.27,12.64,12.94,TX201807 ??? 2018/07,2018/5/31,0.7981,10609,1730
TXO_N5,2018/5/14,13.07,13.28,12.61,12.81,TX201806 ??? 2018/06,2018/5/30,-1.3999,10775,151570
TXO_N5,2018/5/11,12.91,13.07,12.84,12.89,TX201807 ??? 2018/07,2018/5/30,-1.4052,10524,2016
TXO_N5,2018/5/10,13.15,13.32,12.95,13.03,TX201806 ??? 2018/06,2018/5/29,-0.4917,10928,119010
TXO_N5,2018/5/9,13.71,13.72,13.3,13.65,TX201807 ??? 2018/07,2018/5/29,-0.494,10675,1685
TXO_N5,2018/5/8,14.52,14.56,13.77,14.06,TX201806 ??? 2018/06,2018/5/28,0.4665,10983,93268
TXO_N5,2018/5/7,14.48,14.98,14.4,14.64,TX201807 ??? 2018/07,2018/5/28,0.4306,10729,1513
TXO_N5,2018/5/4,15.18,16.37,14.71,15.13,TX201806 ??? 2018/06,2018/5/25,0.1374,10932,107432
TXO_N5,2018/5/3,15.01,17.35,14.75,15.78,TX201807 ??? 2018/07,2018/5/25,0.0562,10683,1668
TXO_N5,2018/5/2,14.92,14.93,14.64,14.81,TX201806 ??? 2018/06,2018/5/24,0.5526,10917,113285
TXO_N5,2018/4/30,15.18,15.52,14.4,14.66,TX201807 ??? 2018/07,2018/5/24,0.5557,10675,1225
TXO_N5,2018/4/27,15.59,15.96,15.06,15.44,TX201806 ??? 2018/06,2018/5/23,-0.5769,10858,138032
TXO_N5,2018/4/26,15.34,16.46,15.29,16.46,TX201807 ??? 2018/07,2018/5/23,-0.6085,10618,2051
TXO_N5,2018/4/25,16.29,16.74,15.64,16.15,TX201806 ??? 2018/06,2018/5/22,-0.3922,10922,114865
TXO_N5,2018/4/24,15.12,15.87,14.95,15.55,TX201807 ??? 2018/07,2018/5/22,-0.3638,10683,1539
TXO_N5,2018/4/23,16.08,16.08,15.36,15.56,TX201806 ??? 2018/06,2018/5/21,1.331,10965,101176
TXO_N5,2018/4/20,14.56,14.92,14.09,14.87,TX201807 ??? 2018/07,2018/5/21,1.3231,10722,1503
TXO_N5,2018/4/20,12.72,13.25,12.59,13.15,TX201806 ??? 2018/06,2018/5/18,-0.0462,10820,109398
TXO_N5,2018/4/19,14.7,14.7,13.6,13.83,TX201807 ??? 2018/07,2018/5/18,-0.0661,10581,1106
TXO_N5,2018/4/19,12.57,12.58,11.75,11.88,TX201806 ??? 2018/06,2018/5/17,-0.533,10826,126166
TXO_N5,2018/4/18,15.19,15.88,14.65,15.88,TX201807 ??? 2018/07,2018/5/17,,10588,1430
TXO_N5,2018/4/18,13.42,13.54,13.1,13.45,TX201805 ??? 2018/05,2018/5/16,0.0552,10872,89647
TXO_N5,2018/4/17,15.1,16.71,14.96,16.71,TX201806 ??? 2018/06,2018/5/16,0.2949,10882,63144
TXO_N5,2018/4/17,13.45,13.95,13.45,13.92,TX201805 ??? 2018/05,2018/5/15,-0.8215,10869,137727
TXO_N5,2018/4/16,15.49,16.7,15.07,16.7,TX201806 ??? 2018/06,2018/5/15,-0.8045,10852,49307
TXO_N5,2018/4/16,13.89,14.01,13.54,13.8,TX201805 ??? 2018/05,2018/5/14,0.884,10958,132634
TXO_N5,2018/4/13,15.56,15.91,15.14,15.91,TX201806 ??? 2018/06,2018/5/14,0.9227,10940,30644
TXO_N5,2018/4/13,13.6,13.63,13.08,13.11,TX201805 ??? 2018/05,2018/5/11,0.9012,10861,127629
TXO_N5,2018/4/12,15.88,16.53,15.61,16.53,TX201806 ??? 2018/06,2018/5/11,0.8937,10839,12844
TXO_N5,2018/4/12,13.96,14.26,13.72,13.9,TX201805 ??? 2018/05,2018/5/10,0.5606,10763,117424
TXO_N5,2018/4/11,16.87,16.95,16.18,16.27,TX201806 ??? 2018/06,2018/5/10,0.5805,10743,5722
TXO_N5,2018/4/11,14.66,14.66,14.14,14.28,TX201805 ??? 2018/05,2018/5/9,0.3375,10704,138372
TXO_N5,2018/4/10,18.03,18.03,16.61,17.13,TX201806 ??? 2018/06,2018/5/9,0.3005,10681,3873
TXO_N5,2018/4/10,15.74,15.85,14.76,15.26,TX201805 ??? 2018/05,2018/5/8,0.6891,10669,120547
TXO_N5,2018/4/9,19.03,19.03,17.86,17.97,TX201806 ??? 2018/06,2018/5/8,0.6713,10648,2518
TXO_N5,2018/4/9,16.47,16.7,15.87,15.99,TX201805 ??? 2018/05,2018/5/7,0.6843,10595,139344
TXO_N5,2018/4/3,19.67,19.76,18.59,19.11,TX201806 ??? 2018/06,2018/5/7,0.7046,10577,2990
TXO_N5,2018/4/3,16.87,17.1,16.26,16.35,TX201805 ??? 2018/05,2018/5/4,0.1523,10523,146168
TXO_N5,2018/4/2,18.28,18.8,17.9,18.62,TX201806 ??? 2018/06,2018/5/4,0.1335,10503,2398
TXO_N5,2018/4/2,15.68,16.29,15.43,16.01,TX201805 ??? 2018/05,2018/5/3,-0.9709,10506,145487
TXO_N5,2018/3/31,17.55,17.81,17.51,17.67,TX201806 ??? 2018/06,2018/5/3,-0.9537,10487,2753
TXO_N5,2018/3/31,15.11,15.54,15.04,15.38,TX201805 ??? 2018/05,2018/5/2,-0.413,10609,119121
TXO_N5,2018/3/30,18.06,18.16,17.46,17.82,TX201806 ??? 2018/06,2018/5/2,-0.4231,10591,1825
TXO_N5,2018/3/30,15.66,15.75,14.85,15.2,TX201805 ??? 2018/05,2018/4/30,0.8807,10655,132890
TXO_N5,2018/3/29,19.5,20.03,19.07,19.61,TX201806 ??? 2018/06,2018/4/30,0.8822,10636,2049
TXO_N5,2018/3/29,16.72,17.36,16.42,16.79,TX201805 ??? 2018/05,2018/4/27,0.8115,10561,138888
TXO_N5,2018/3/28,18.77,20.02,18.44,19.86,TX201806 ??? 2018/06,2018/4/27,0.8321,10542,2397
TXO_N5,2018/3/28,16.03,17.03,15.84,17.03,TX201805 ??? 2018/05,2018/4/26,-0.5695,10476,173837
TXO_N5,2018/3/27,17.46,17.71,17.17,17.22,TX201806 ??? 2018/06,2018/4/26,-0.5706,10455,3203
TXO_N5,2018/3/27,14.97,15.25,14.81,14.87,TX201805 ??? 2018/05,2018/4/25,-0.4724,10535,167276
TXO_N5,2018/3/26,21.57,21.57,19.08,19.08,TX201806 ??? 2018/06,2018/4/25,-0.4921,10515,2583
TXO_N5,2018/3/26,17.68,17.68,16.59,16.9,TX201805 ??? 2018/05,2018/4/24,-0.9915,10583,185925
TXO_N5,2018/3/23,20.98,20.98,18.99,20.98,TX201806 ??? 2018/06,2018/4/24,-0.9932,10567,2808
TXO_N5,2018/3/23,17.83,17.83,15.95,17.48,TX201805 ??? 2018/05,2018/4/23,-0.8808,10694,143144
TXO_N5,2018/3/22,16.45,16.45,14.91,16.13,TX201806 ??? 2018/06,2018/4/23,-0.8546,10675,1858
TXO_N5,2018/3/22,14.49,14.49,12.55,13.91,TX201805 ??? 2018/05,2018/4/20,-1.6504,10788,168412
TXO_N5,2018/3/21,17.44,17.62,17.11,17.23,TX201806 ??? 2018/06,2018/4/20,-1.6446,10768,2649
TXO_N5,2018/3/21,14.9,14.99,14.67,14.82,TX201805 ??? 2018/05,2018/4/19,1.1249,10969,147058
TXO_N5,2018/3/20,17.6,18,17.39,17.77,TX201806 ??? 2018/06,2018/4/19,1.1085,10945,2291
TXO_N5,2018/3/20,14.94,15.24,14.83,15.09,TX201804 ??? 2018/04,2018/4/18,0.3609,10845,106426
TXO_N5,2018/3/19,17.25,17.47,16.69,16.86,TX201805 ??? 2018/05,2018/4/18,0.5004,10846,88506
TXO_N5,2018/3/19,14.6,14.85,14.29,14.46,TX201806 ??? 2018/06,2018/4/18,0.492,10827,1312
TXO_N5,2018/3/16,15.99,17.05,15.99,16.41,TX201804 ??? 2018/04,2018/4/17,-1.2338,10806,156247
TXO_N5,2018/3/16,13.96,14.66,13.76,14.12,TX201805 ??? 2018/05,2018/4/17,-1.2537,10792,48528
TXO_N5,2018/3/15,16.84,16.87,15.79,16.39,TX201806 ??? 2018/06,2018/4/17,-1.2196,10772,921
TXO_N5,2018/3/15,14.42,14.54,13.57,13.81,TX201804 ??? 2018/04,2018/4/16,-0.1369,10943,145646
TXO_N5,2018/3/14,16.02,16.81,16.02,16.56,TX201805 ??? 2018/05,2018/4/16,-0.1279,10928,41136
TXO_N5,2018/3/14,14.1,14.39,13.99,14.26,TX201806 ??? 2018/06,2018/4/16,-0.1008,10905,423
TXO_N5,2018/3/13,16.47,16.47,15.57,15.64,TX201804 ??? 2018/04,2018/4/13,0.1371,10955,118585
TXO_N5,2018/3/13,14.07,14.13,13.27,13.55,TX201805 ??? 2018/05,2018/4/13,0.2015,10942,14597
TXO_N5,2018/3/12,16.72,16.82,16.3,16.5,TX201806 ??? 2018/06,2018/4/13,0.2203,10914,391
TXO_N5,2018/3/12,15.75,15.75,14.18,14.51,TX201804 ??? 2018/04,2018/4/12,-0.3188,10943,145737
TXO_N5,2018/3/9,17.18,17.38,17,17.27,TX201805 ??? 2018/05,2018/4/12,-0.3195,10920,5518
TXO_N5,2018/3/9,15.15,15.2,14.69,14.89,TX201806 ??? 2018/06,2018/4/12,-0.3021,10892,473
TXO_N5,2018/3/8,18.28,18.38,17.66,17.94,TX201804 ??? 2018/04,2018/4/11,0.2649,10979,119383
TXO_N5,2018/3/8,16.28,16.28,15.16,15.51,TX201805 ??? 2018/05,2018/4/11,0.2838,10956,3704
TXO_N5,2018/3/7,18.44,19.72,17.89,19.72,TX201806 ??? 2018/06,2018/4/11,0.3122,10925,317
TXO_N5,2018/3/7,16.17,16.71,15.38,16.71,TX201804 ??? 2018/04,2018/4/10,0.4127,10949,172575
TXO_N5,2018/3/6,19.23,19.23,17.89,18.01,TX201805 ??? 2018/05,2018/4/10,0.4229,10925,3850
TXO_N5,2018/3/6,18,18,15.77,15.77,TX201806 ??? 2018/06,2018/4/10,0.4242,10891,460
TXO_N5,2018/3/5,21,21.54,20.15,21.06,TX201804 ??? 2018/04,2018/4/9,1.1129,10904,155952
TXO_N5,2018/3/5,18.5,18.96,17.58,18.67,TX201805 ??? 2018/05,2018/4/9,1.1154,10879,3587
TXO_N5,2018/3/2,21.27,21.75,20.74,20.88,TX201806 ??? 2018/06,2018/4/9,1.1,10845,443
TXO_N5,2018/3/2,18.59,19.28,18.13,18.41,TX201804 ??? 2018/04,2018/4/3,-0.7364,10784,133955
TXO_N5,2018/3/1,19.8,20.02,19.07,19.75,TX201805 ??? 2018/05,2018/4/3,-0.7381,10759,2027
TXO_N5,2018/3/1,16.84,17.41,16.45,16.67,TX201806 ??? 2018/06,2018/4/3,-0.7494,10727,299
TXO_N5,2018/2/27,17.07,18.25,16.83,18.05,TX201804 ??? 2018/04,2018/4/2,-0.5584,10865,137934
TXO_N5,2018/2/27,14.48,15.65,14.47,15.39,TX201805 ??? 2018/05,2018/4/2,-0.5597,10839,2316
TXO_N5,2018/2/26,17.81,18.08,17.69,18.08,TX201806 ??? 2018/06,2018/4/2,-0.5155,10808,336
TXO_N5,2018/2/26,15.39,15.57,15.19,15.26,TX201804 ??? 2018/04,2018/3/31,0.055,10926,24169
TXO_N5,2018/2/23,19.6,19.6,18.21,18.49,TX201805 ??? 2018/05,2018/3/31,0.0551,10899,408
TXO_N5,2018/2/23,16.6,16.6,15.71,15.86,TX201806 ??? 2018/06,2018/3/31,0.0276,10864,88
TXO_N5,2018/2/22,20.48,20.88,20.24,20.83,TX201804 ??? 2018/04,2018/3/30,0.7196,10919,111968
TXO_N5,2018/2/22,17.46,18.18,17.46,17.99,TX201805 ??? 2018/05,2018/3/30,0.7212,10894,1858
TXO_N5,2018/2/21,21.63,21.63,19.67,20.35,TX201806 ??? 2018/06,2018/3/30,0.7047,10860,281
TXO_N5,2018/2/21,19.46,20.48,16.64,16.91,TX201804 ??? 2018/04,2018/3/29,0.1941,10840,149221
TXO_N5,2018/2/12,25.93,25.93,23.68,24.01,TX201805 ??? 2018/05,2018/3/29,0.2131,10816,1854
TXO_N5,2018/2/12,21.16,21.22,19.72,20.44,TX201806 ??? 2018/06,2018/3/29,0.2044,10785,352
TXO_N5,2018/2/9,34.46,34.46,25.3,26.76,TX201804 ??? 2018/04,2018/3/28,-1.547,10820,155315
TXO_N5,2018/2/9,26.8,26.8,21.6,22.33,TX201805 ??? 2018/05,2018/3/28,-1.5598,10793,2138
TXO_N5,2018/2/8,20.34,21.82,20.23,21.82,TX201806 ??? 2018/06,2018/3/28,-1.5279,10763,470
TXO_N5,2018/2/8,18.09,18.47,17.56,18.15,TX201804 ??? 2018/04,2018/3/27,1.3745,10989,131507
TXO_N5,2018/2/7,24.12,24.66,19.93,23.17,TX201805 ??? 2018/05,2018/3/27,1.3778,10964,2545
TXO_N5,2018/2/7,19.49,19.61,16.99,19.13,TX201806 ??? 2018/06,2018/3/27,1.3821,10930,481
TXO_N5,2018/2/6,20.22,54.92,20.22,30.07,TX201804 ??? 2018/04,2018/3/26,0.9969,10840,147862
TXO_N5,2018/2/6,30.11,57.36,29.03,29.07,TX201805 ??? 2018/05,2018/3/26,0.9899,10815,1641
TXO_N5,2018/2/5,14.62,15.78,14.2,14.2,TX201806 ??? 2018/06,2018/3/26,0.9741,10782,793
TXO_N5,2018/2/5,14.03,14.21,12.68,12.82,TX201804 ??? 2018/04,2018/3/23,-2.3385,10734,178593
TXO_N5,2018/2/2,12.76,12.82,12.32,12.32,TX201805 ??? 2018/05,2018/3/23,-2.3616,10709,1731
TXO_N5,2018/2/2,11.22,11.41,10.99,11.06,TX201806 ??? 2018/06,2018/3/23,-2.404,10675,792
TXO_N5,2018/2/1,12.33,13,12.13,13,TX201804 ??? 2018/04,2018/3/22,-0.1181,10989,192263
TXO_N5,2018/2/1,11.17,11.17,10.84,11.15,TX201805 ??? 2018/05,2018/3/22,,10968,1825
TXO_N5,2018/1/31,12.39,12.76,12.11,12.58,TX201806 ??? 2018/06,2018/3/22,-0.1096,10940,683
TXO_N5,2018/1/31,11.39,11.71,10.91,10.99,TX201803 ??? 2018/03,2018/3/21,0.3088,11044,80714
TXO_N5,2018/1/30,12.02,12.44,11.78,12.44,TX201804 ??? 2018/04,2018/3/21,0.1547,11006,59721
TXO_N5,2018/1/30,10.99,11.23,10.67,11.17,TX201806 ??? 2018/06,2018/3/21,0.1555,10954,452
TXO_N5,2018/1/29,11.92,12.05,11.72,11.73,TX201803 ??? 2018/03,2018/3/20,-0.136,11012,123903
TXO_N5,2018/1/29,10.79,10.83,10.58,10.7,TX201804 ??? 2018/04,2018/3/20,-0.1636,10986,43101
TXO_N5,2018/1/26,11.39,11.58,11.22,11.38,TX201806 ??? 2018/06,2018/3/20,-0.2008,10935,353
TXO_N5,2018/1/26,10.36,10.44,10.16,10.21,TX201803 ??? 2018/03,2018/3/19,0.0908,11028,151802
TXO_N5,2018/1/25,11.05,11.43,10.72,11.38,TX201804 ??? 2018/04,2018/3/19,0.0637,11005,41722
TXO_N5,2018/1/25,9.94,10.27,9.64,10.04,TX201806 ??? 2018/06,2018/3/19,0.0639,10957,428
TXO_N5,2018/1/24,11.29,11.34,10.96,10.97,TX201803 ??? 2018/03,2018/3/16,-0.2264,11018,189713
TXO_N5,2018/1/24,10.27,10.27,9.84,9.89,TX201804 ??? 2018/04,2018/3/16,-0.2449,10999,19510
TXO_N5,2018/1/23,11.19,11.37,10.99,11.18,TX201806 ??? 2018/06,2018/3/16,-0.3095,10950,464
TXO_N5,2018/1/23,9.95,10.24,9.91,10.09,TX201803 ??? 2018/03,2018/3/15,0.0997,11041,111968
TXO_N5,2018/1/22,10.69,11.04,10.69,10.86,TX201804 ??? 2018/04,2018/3/15,0.0817,11024,7459
TXO_N5,2018/1/22,9.8,10.03,9.79,9.97,TX201806 ??? 2018/06,2018/3/15,0.1094,10984,184
TXO_N5,2018/1/19,10.1,10.17,9.89,9.89,TX201803 ??? 2018/03,2018/3/14,-0.6217,11031,127357
TXO_N5,2018/1/19,9.51,9.51,9.12,9.26,TX201804 ??? 2018/04,2018/3/14,-0.6046,11015,5009
TXO_N5,2018/1/18,9.51,10.41,9.36,9.66,TX201806 ??? 2018/06,2018/3/14,-0.5979,10972,263
TXO_N5,2018/1/18,9.44,9.83,8.93,9.25,TX201803 ??? 2018/03,2018/3/13,0.6986,11100,108806
TXO_N5,2018/1/17,9.49,9.86,8.96,8.96,TX201804 ??? 2018/04,2018/3/13,0.6997,11082,3191
TXO_N5,2018/1/17,9.69,9.8,9.52,9.66,TX201806 ??? 2018/06,2018/3/13,0.7025,11038,327
TXO_N5,2018/1/16,9,9.2,8.3,8.82,TX201803 ??? 2018/03,2018/3/12,1.473,11024,122637
TXO_N5,2018/1/16,9.37,9.39,9.2,9.38,TX201804 ??? 2018/04,2018/3/12,1.4847,11006,3998
TXO_N5,2018/1/15,8.44,8.86,7.82,7.82,TX201806 ??? 2018/06,2018/3/12,1.5472,10962,410
TXO_N5,2018/1/15,9.19,9.3,9.13,9.25,TX201803 ??? 2018/03,2018/3/9,0.3233,10865,128355
TXO_N5,2018/1/12,9.51,9.59,8.96,8.96,TX201804 ??? 2018/04,2018/3/9,0.3517,10845,2657
TXO_N5,2018/1/12,8.72,8.72,7.99,7.99,TX201806 ??? 2018/06,2018/3/9,0.3533,10794,223
TXO_N5,2018/1/11,9.87,10.01,9.61,9.7,TX201803 ??? 2018/03,2018/3/8,1.1113,10829,119702
TXO_N5,2018/1/11,8.98,9.17,8.67,8.72,TX201804 ??? 2018/04,2018/3/8,1.104,10808,2617
TXO_N5,2018/1/10,9.99,10.25,9.67,10.25,TX201806 ??? 2018/06,2018/3/8,1.0807,10756,238
TXO_N5,2018/1/10,8.89,9.09,8.73,9,TX201803 ??? 2018/03,2018/3/7,-0.7232,10712,158990
TXO_N5,2018/1/9,10.03,10.12,9.81,9.81,TX201804 ??? 2018/04,2018/3/7,-0.7337,10691,3004
TXO_N5,2018/1/9,9.31,9.31,8.8,8.88,TX201806 ??? 2018/06,2018/3/7,-0.7555,10641,324
TXO_N5,2018/1/8,9.95,10.52,9.95,10.52,TX201803 ??? 2018/03,2018/3/6,1.4485,10787,142401
TXO_N5,2018/1/8,9.35,9.51,9.13,9.14,TX201804 ??? 2018/04,2018/3/6,1.4606,10766,2988
TXO_N5,2018/1/5,9.95,10.07,9.62,9.62,TX201806 ??? 2018/06,2018/3/6,1.4476,10722,232
TXO_N5,2018/1/5,8.97,9.09,8.58,8.65,TX201803 ??? 2018/03,2018/3/5,-0.4308,10635,172804
TXO_N5,2018/1/4,10.15,10.37,9.88,9.88,TX201804 ??? 2018/04,2018/3/5,-0.4503,10616,2622
TXO_N5,2018/1/4,9.05,9.32,8.93,8.99,TX201806 ??? 2018/06,2018/3/5,-0.4709,10570,337
TXO_N5,2018/1/3,10.24,10.73,10.17,10.24,TX201803 ??? 2018/03,2018/3/2,-0.5217,10681,167243
TXO_N5,2018/1/3,9.1,9.34,9.02,9.07,TX201804 ??? 2018/04,2018/3/2,-0.5319,10662,2457
TXO_N5,2018/1/2,10.17,10.42,10.07,10.42,TX201806 ??? 2018/06,2018/3/2,-0.5805,10619,588
TXO_N5,2018/1/2,9.27,9.27,8.83,8.94,TX201803 ??? 2018/03,2018/3/1,-0.5098,10735,150471
TXO_N5,2017/12/29,9.89,10.1,9.74,9.93,TX201804 ??? 2018/04,2018/3/1,-0.5198,10719,1581
TXO_N5,2017/12/29,9.11,9.11,8.59,8.85,TX201806 ??? 2018/06,2018/3/1,-0.5216,10681,395
TXO_N5,2017/12/28,9.88,10.18,9.81,10.1,TX201803 ??? 2018/03,2018/2/27,-0.2865,10791,119787
TXO_N5,2017/12/28,9.28,9.28,8.69,8.8,TX201804 ??? 2018/04,2018/2/27,-0.3054,10775,2330
TXO_N5,2017/12/27,10.73,10.78,10.01,10.18,TX201806 ??? 2018/06,2018/2/27,-0.3064,10737,408
TXO_N5,2017/12/27,9.6,9.6,8.86,9.08,TX201803 ??? 2018/03,2018/2/26,0.3524,10822,101181
TXO_N5,2017/12/26,9.87,10.88,9.82,10.88,TX201804 ??? 2018/04,2018/2/26,0.3622,10807,1139
TXO_N5,2017/12/26,8.95,9.8,8.92,9.61,TX201806 ??? 2018/06,2018/2/26,0.3634,10770,686
TXO_N5,2017/12/25,10.32,10.34,9.81,10.01,TX201803 ??? 2018/03,2018/2/23,1.4872,10781,131504
TXO_N5,2017/12/25,9.05,9.23,8.77,8.82,TX201804 ??? 2018/04,2018/2/23,1.4893,10766,1339
TXO_N5,2017/12/22,10.42,10.52,9.86,9.99,TX201806 ??? 2018/06,2018/2/23,1.4848,10730,321
TXO_N5,2017/12/22,9.46,9.46,8.74,8.79,TX201803 ??? 2018/03,2018/2/22,-0.5802,10626,124336
TXO_N5,2017/12/21,11.04,11.22,10.4,10.4,TX201804 ??? 2018/04,2018/2/22,,10609,718
TXO_N5,2017/12/21,9.78,9.86,9.41,9.41,TX201806 ??? 2018/06,2018/2/22,-0.5642,10573,609
TXO_N5,2017/12/20,11.59,11.81,11.09,11.23,TX201802 ??? 2018/02,2018/2/21,2.8042,10705,94033
TXO_N5,2017/12/20,10.59,10.61,10.1,10.16,TX201803 ??? 2018/03,2018/2/21,2.9976,10685,93660
TXO_N5,2017/12/19,11.54,11.98,11.41,11.8,TX201806 ??? 2018/06,2018/2/21,2.9828,10635,740
TXO_N5,2017/12/19,10.48,10.72,9.76,10.62,TX201802 ??? 2018/02,2018/2/12,0.5795,10410,151528
TXO_N5,2017/12/18,11.25,11.9,11.25,11.53,TX201803 ??? 2018/03,2018/2/12,0.5037,10371,40354
TXO_N5,2017/12/18,10.37,10.69,10.32,10.43,TX201806 ??? 2018/06,2018/2/12,0.4768,10325,928
TXO_N5,2017/12/15,10.88,11.65,10.66,10.94,TX201802 ??? 2018/02,2018/2/9,-1.5687,10353,257335
TXO_N5,2017/12/15,9.59,10.53,9.58,9.91,TX201803 ??? 2018/03,2018/2/9,-1.7044,10322,36653
TXO_N5,2017/12/14,11.18,11.27,10.86,10.86,TX201806 ??? 2018/06,2018/2/9,-1.7213,10279,949
TXO_N5,2017/12/14,10.02,10.1,9.77,9.88,TX201802 ??? 2018/02,2018/2/8,0,10518,182147
TXO_N5,2017/12/13,11.72,12.03,11.56,11.61,TX201803 ??? 2018/03,2018/2/8,0.019,10502,16211
TXO_N5,2017/12/13,10.75,10.75,10.23,10.39,TX201806 ??? 2018/06,2018/2/8,0.0191,10456,781
TXO_N5,2017/12/12,11.68,12.13,11.61,11.69,TX201802 ??? 2018/02,2018/2/7,1.1735,10517,236946
TXO_N5,2017/12/12,10.44,10.85,10.43,10.49,TX201803 ??? 2018/03,2018/2/7,1.1756,10498,15708
TXO_N5,2017/12/11,12.54,12.54,11.42,11.67,TX201806 ??? 2018/06,2018/2/7,1.2395,10455,820
TXO_N5,2017/12/11,10.78,10.8,10.09,10.31,TX201802 ??? 2018/02,2018/2/6,-4.8595,10399,409245
TXO_N5,2017/12/8,13.39,13.39,12.32,12.34,TX201803 ??? 2018/03,2018/2/6,-4.9285,10380,21646
TXO_N5,2017/12/8,11.56,12.1,10.94,11.07,TX201806 ??? 2018/06,2018/2/6,-4.9954,10333,2455
TXO_N5,2017/12/7,14.59,14.73,13.57,13.83,TX201802 ??? 2018/02,2018/2/5,-1.6826,10928,185574
TXO_N5,2017/12/7,12.59,13.25,12.26,12.58,TX201803 ??? 2018/03,2018/2/5,-1.7019,10915,7009
TXO_N5,2017/12/6,11.81,14.89,11.71,14.89,TX201806 ??? 2018/06,2018/2/5,-1.709,10870,902
TXO_N5,2017/12/6,10.72,13.31,10.72,12.95,TX201802 ??? 2018/02,2018/2/2,-0.4122,11116,176534
TXO_N5,2017/12/5,11.46,11.88,11.41,11.88,TX201803 ??? 2018/03,2018/2/2,-0.4214,11106,5873
TXO_N5,2017/12/5,10.64,10.8,10.35,10.74,TX201806 ??? 2018/06,2018/2/2,-0.3963,11060,349
TXO_N5,2017/12/4,11.37,11.84,11.22,11.45,TX201802 ??? 2018/02,2018/2/1,0.5587,11160,141148
TXO_N5,2017/12/4,10.64,10.85,10.13,10.24,TX201803 ??? 2018/03,2018/2/1,0.5772,11153,4142
TXO_N5,2017/12/1,10.9,12.01,10.62,11.18,TX201806 ??? 2018/06,2018/2/1,0.5889,11103,241
TXO_N5,2017/12/1,10.26,10.82,9.48,9.64,TX201802 ??? 2018/02,2018/1/31,0.2982,11098,190849
TXO_N5,2017/11/30,10.35,11.46,10.34,11.46,TX201803 ??? 2018/03,2018/1/31,0.3076,11088,5042
TXO_N5,2017/11/30,9.67,9.85,9.33,9.82,TX201806 ??? 2018/06,2018/1/31,0.2816,11039,579
TXO_N5,2017/11/29,9.69,10.16,9.66,10.16,TX201802 ??? 2018/02,2018/1/30,-1.1789,11064,176699
TXO_N5,2017/11/29,9.05,9.05,8.69,8.88,TX201803 ??? 2018/03,2018/1/30,-1.18,11053,3924
TXO_N5,2017/11/28,9.6,9.86,9.35,9.86,TX201806 ??? 2018/06,2018/1/30,-1.1229,11009,302
TXO_N5,2017/11/28,8.77,8.77,8.44,8.75,TX201802 ??? 2018/02,2018/1/29,0.4756,11196,139210
TXO_N5,2017/11/27,9.44,9.72,9.36,9.72,TX201803 ??? 2018/03,2018/1/29,0.4941,11185,2965
TXO_N5,2017/11/27,8.52,8.73,8.43,8.62,TX201806 ??? 2018/06,2018/1/29,0.4784,11132,282
TXO_N5,2017/11/24,9.11,10.62,8.98,9.12,TX201802 ??? 2018/02,2018/1/26,-0.0448,11146,172894
TXO_N5,2017/11/24,8.17,8.31,8.08,8.12,TX201803 ??? 2018/03,2018/1/26,-0.0449,11134,3349
TXO_N5,2017/11/23,9.02,9.13,8.9,8.97,TX201806 ??? 2018/06,2018/1/26,0.0181,11079,275
TXO_N5,2017/11/23,8.08,8.19,7.99,8.01,TX201802 ??? 2018/02,2018/1/25,0.2157,11154,207680
TXO_N5,2017/11/22,8.83,9.49,8.79,9.49,TX201803 ??? 2018/03,2018/1/25,0.225,11140,4557
TXO_N5,2017/11/22,8.31,8.42,8,8.16,TX201806 ??? 2018/06,2018/1/25,0.1809,11082,359
TXO_N5,2017/11/21,9.11,9.33,8.58,9.17,TX201802 ??? 2018/02,2018/1/24,-0.8909,11126,171874
TXO_N5,2017/11/21,8.25,8.25,7.73,7.91,TX201803 ??? 2018/03,2018/1/24,-0.9185,11111,3305
TXO_N5,2017/11/20,10.03,10.03,9.3,9.83,TX201806 ??? 2018/06,2018/1/24,-0.9318,11057,551
TXO_N5,2017/11/20,8.77,8.89,8.48,8.49,TX201802 ??? 2018/02,2018/1/23,0.0267,11225,152547
TXO_N5,2017/11/17,9.67,9.72,9.33,9.44,TX201803 ??? 2018/03,2018/1/23,0.0446,11214,2586
TXO_N5,2017/11/17,9.37,9.37,8.37,8.45,TX201806 ??? 2018/06,2018/1/23,0.0448,11161,482
TXO_N5,2017/11/16,10.69,10.73,9.95,10.2,TX201802 ??? 2018/02,2018/1/22,0.7542,11222,139799
TXO_N5,2017/11/16,9.46,9.48,8.89,9.02,TX201803 ??? 2018/03,2018/1/22,0.7369,11211,2662
TXO_N5,2017/11/15,10.64,10.95,10.43,10.95,TX201806 ??? 2018/06,2018/1/22,0.7769,11156,399
TXO_N5,2017/11/15,9.45,9.63,9.42,9.55,TX201802 ??? 2018/02,2018/1/19,0.7235,11139,106496
TXO_N5,2017/11/14,10.49,10.66,10.37,10.49,TX201803 ??? 2018/03,2018/1/19,0.7515,11127,1898
TXO_N5,2017/11/14,9.47,9.64,9.33,9.46,TX201806 ??? 2018/06,2018/1/19,0.7463,11070,311
TXO_N5,2017/11/13,10.69,10.7,10.39,10.39,TX201802 ??? 2018/02,2018/1/18,0.6279,11054,179169
TXO_N5,2017/11/13,9.56,9.62,9.45,9.62,TX201803 ??? 2018/03,2018/1/18,0.6379,11042,4651
TXO_N5,2017/11/10,11,11.16,10.16,10.17,TX201806 ??? 2018/06,2018/1/18,0.6873,10983,596
TXO_N5,2017/11/10,9.68,9.9,8.61,8.75,TX201801 ??? 2018/01,2018/1/17,0.3369,11020,85210
TXO_N5,2017/11/9,10.83,10.99,10.36,10.82,TX201802 ??? 2018/02,2018/1/17,0.1002,10989,68702
TXO_N5,2017/11/9,9.33,9.66,8.9,9.48,TX201803 ??? 2018/03,2018/1/17,0.0821,10973,1125
TXO_N5,2017/11/8,11.34,11.36,10.91,10.91,TX201806 ??? 2018/06,2018/1/17,0.1193,10913,264
TXO_N5,2017/11/8,9.84,9.84,9.44,9.46,TX201801 ??? 2018/01,2018/1/16,0.2464,10983,118376
TXO_N5,2017/11/7,11.58,11.6,11.13,11.13,TX201802 ??? 2018/02,2018/1/16,0.2282,10979,45444
TXO_N5,2017/11/7,9.83,10.05,9.63,9.71,TX201803 ??? 2018/03,2018/1/16,0.2468,10965,887
TXO_N5,2017/11/6,11.7,11.95,11.58,11.74,TX201806 ??? 2018/06,2018/1/16,0.2115,10900,218
TXO_N5,2017/11/6,10.04,10.33,9.94,9.98,TX201801 ??? 2018/01,2018/1/15,0.7356,10955,134712
TXO_N5,2017/11/3,11.46,11.82,11.26,11.82,TX201802 ??? 2018/02,2018/1/15,0.7543,10953,39499
TXO_N5,2017/11/3,9.86,10.09,9.71,9.75,TX201803 ??? 2018/03,2018/1/15,0.7368,10938,841
TXO_N5,2017/11/2,11.67,11.85,11.55,11.85,TX201806 ??? 2018/06,2018/1/15,0.8156,10877,474
TXO_N5,2017/11/2,10.13,10.28,9.96,10.01,TX201801 ??? 2018/01,2018/1/12,0.713,10876,124266
TXO_N5,2017/11/1,11.37,11.72,11.26,11.64,TX201802 ??? 2018/02,2018/1/12,0.7787,10871,17817
TXO_N5,2017/11/1,9.75,10.08,9.74,9.93,TX201803 ??? 2018/03,2018/1/12,0.789,10859,749
TXO_N5,2017/10/31,11.87,11.92,11.47,11.85,TX201806 ??? 2018/06,2018/1/12,0.7941,10790,239
TXO_N5,2017/10/31,10.27,10.37,9.84,9.95,TX201801 ??? 2018/01,2018/1/11,-0.1018,10801,135869
TXO_N5,2017/10/30,11.78,12.09,11.65,12.09,TX201802 ??? 2018/02,2018/1/11,-0.0926,10788,6990
TXO_N5,2017/10/30,10.09,10.28,9.96,10.13,TX201803 ??? 2018/03,2018/1/11,-0.0649,10773,588
TXO_N5,2017/10/27,11.22,12.14,11.03,12.14,TX201806 ??? 2018/06,2018/1/11,-0.0374,10704,129
TXO_N5,2017/10/27,9.85,10.05,9.37,9.9,TX201801 ??? 2018/01,2018/1/10,-0.6342,10809,132570
TXO_N5,2017/10/26,11.48,12.35,11.2,11.85,TX201802 ??? 2018/02,2018/1/10,-0.6259,10796,5801
TXO_N5,2017/10/26,9.96,10.07,9.66,9.75,TX201803 ??? 2018/03,2018/1/10,-0.6268,10780,662
TXO_N5,2017/10/25,11.09,11.87,11.07,11.87,TX201806 ??? 2018/06,2018/1/10,-0.5849,10708,182
TXO_N5,2017/10/25,9.71,9.91,9.6,9.86,TX201801 ??? 2018/01,2018/1/9,-0.0459,10881,97025
TXO_N5,2017/10/24,11.05,11.16,10.84,11.16,TX201802 ??? 2018/02,2018/1/9,-0.0276,10864,2523
TXO_N5,2017/10/24,9.76,9.94,9.61,9.75,TX201803 ??? 2018/03,2018/1/9,-0.0184,10848,454
TXO_N5,2017/10/23,11.06,11.66,10.86,11.66,TX201806 ??? 2018/06,2018/1/9,-0.0093,10771,61
TXO_N5,2017/10/23,10.19,10.19,9.6,9.7,TX201801 ??? 2018/01,2018/1/8,0.2395,10886,106537
TXO_N5,2017/10/20,11.02,11.12,10.74,11.12,TX201802 ??? 2018/02,2018/1/8,0.2306,10868,2137
TXO_N5,2017/10/20,9.68,9.91,9.57,9.71,TX201803 ??? 2018/03,2018/1/8,0.2402,10850,344
TXO_N5,2017/10/19,10.86,10.92,10.66,10.72,TX201806 ??? 2018/06,2018/1/8,0.2606,10772,101
TXO_N5,2017/10/19,9.76,9.8,9.5,9.53,TX201801 ??? 2018/01,2018/1/5,0.1938,10857,110637
TXO_N5,2017/10/18,11.4,11.9,11.3,11.77,TX201802 ??? 2018/02,2018/1/5,0.2126,10843,2390
TXO_N5,2017/10/18,10,10.34,10,10.14,TX201803 ??? 2018/03,2018/1/5,0.2129,10823,413
TXO_N5,2017/10/17,11.18,11.79,11.18,11.79,TX201806 ??? 2018/06,2018/1/5,0.1958,10745,131
TXO_N5,2017/10/17,10.07,10.21,10.02,10.14,TX201801 ??? 2018/01,2018/1/4,0.4542,10837,119190
TXO_N5,2017/10/16,10.87,11.47,10.85,11.47,TX201802 ??? 2018/02,2018/1/4,0.4456,10821,2617
TXO_N5,2017/10/16,9.72,9.98,9.72,9.95,TX201803 ??? 2018/03,2018/1/4,0.4838,10801,356
TXO_N5,2017/10/13,10.43,10.43,9.92,9.92,TX201806 ??? 2018/06,2018/1/4,0.4779,10723,112
TXO_N5,2017/10/13,9.18,9.18,8.91,8.91,TX201801 ??? 2018/01,2018/1/3,0.7471,10789,120998
TXO_N5,2017/10/12,10.49,10.55,10.22,10.38,TX201802 ??? 2018/02,2018/1/3,0.7671,10773,2927
TXO_N5,2017/10/12,9.29,9.38,8.95,9.05,TX201803 ??? 2018/03,2018/1/3,0.7876,10750,506
TXO_N5,2017/10/11,10.5,10.87,10.26,10.75,TX201806 ??? 2018/06,2018/1/3,0.7743,10675,217
TXO_N5,2017/10/11,9.21,9.66,9.17,9.34,TX201801 ??? 2018/01,2018/1/2,0.7054,10709,108602
TXO_N5,2017/10/6,10.31,10.44,10.18,10.36,TX201802 ??? 2018/02,2018/1/2,0.6971,10691,2084
TXO_N5,2017/10/6,9.08,9.28,8.91,8.95,TX201803 ??? 2018/03,2018/1/2,0.6702,10665,355
TXO_N5,2017/10/5,10.45,10.45,10.19,10.37,TX201806 ??? 2018/06,2018/1/2,0.6558,10590,158
TXO_N5,2017/10/5,9.07,9.12,8.84,8.93,TX201801 ??? 2018/01,2017/12/29,0.6818,10636,122636
TXO_N5,2017/10/3,10.44,10.59,10.12,10.29,TX201802 ??? 2018/02,2017/12/29,0.6829,10618,2369
TXO_N5,2017/10/3,9.11,9.18,8.76,8.79,TX201803 ??? 2018/03,2017/12/29,0.6651,10595,577
TXO_N5,2017/10/2,10.84,10.84,10.44,10.52,TX201806 ??? 2018/06,2017/12/29,0.6505,10523,160
TXO_N5,2017/10/2,9.31,9.45,9.01,9.04,TX201801 ??? 2018/01,2017/12/28,0.8306,10562,143604
TXO_N5,2017/9/30,11.19,11.19,10.49,10.51,TX201802 ??? 2018/02,2017/12/28,0.8127,10545,3152
TXO_N5,2017/9/30,9.86,9.86,9.09,9.14,TX201803 ??? 2018/03,2017/12/28,0.8432,10525,491
TXO_N5,2017/9/29,11.87,11.9,11.28,11.28,TX201806 ??? 2018/06,2017/12/28,0.8004,10453,251
TXO_N5,2017/9/29,10.49,10.6,10.01,10.12,TX201801 ??? 2018/01,2017/12/27,0.5472,10476,115742
TXO_N5,2017/9/28,11.97,12.23,11.75,11.86,TX201802 ??? 2018/02,2017/12/27,0.548,10462,1927
TXO_N5,2017/9/28,10.83,10.89,10.43,10.72,TX201803 ??? 2018/03,2017/12/27,0.4621,10439,339
TXO_N5,2017/9/27,12.65,12.79,12.11,12.14,TX201806 ??? 2018/06,2017/12/27,0.4261,10379,121
TXO_N5,2017/9/27,11.12,11.36,10.8,10.86,TX201801 ??? 2018/01,2017/12/26,-1.0261,10416,148599
TXO_N5,2017/9/26,13.12,13.12,12.39,12.85,TX201802 ??? 2018/02,2017/12/26,-1.0276,10403,2512
TXO_N5,2017/9/26,11.19,11.42,10.93,11.35,TX201803 ??? 2018/03,2017/12/26,-1.0007,10388,588
TXO_N5,2017/9/25,12.29,13.23,12.15,12.77,TX201806 ??? 2018/06,2017/12/26,-1.0635,10329,224
TXO_N5,2017/9/25,10.96,11.95,10.96,11.35,TX201801 ??? 2018/01,2017/12/25,-0.076,10526,73249
TXO_N5,2017/9/22,10.93,11.76,10.93,11.74,TX201802 ??? 2018/02,2017/12/25,-0.0856,10511,822
TXO_N5,2017/9/22,9.96,10.49,9.93,10.42,TX201803 ??? 2018/03,2017/12/25,-0.0762,10493,189
TXO_N5,2017/9/21,11.73,11.73,10.61,10.8,TX201806 ??? 2018/06,2017/12/25,-0.0575,10437,37
TXO_N5,2017/9/21,10.57,10.57,9.44,9.57,TX201801 ??? 2018/01,2017/12/22,0.3621,10535,83929
TXO_N5,2017/9/20,12.31,12.64,12.25,12.49,TX201802 ??? 2018/02,2017/12/22,0.3434,10519,961
TXO_N5,2017/9/20,11.47,11.79,11.34,11.65,TX201803 ??? 2018/03,2017/12/22,0.3152,10502,790
TXO_N5,2017/9/19,11.93,12.72,11.74,12.72,TX201806 ??? 2018/06,2017/12/22,0.317,10443,194
TXO_N5,2017/9/19,10.95,11.93,10.79,11.41,TX201801 ??? 2018/01,2017/12/21,-0.1237,10497,120042
TXO_N5,2017/9/18,12.35,12.46,11.92,12.29,TX201802 ??? 2018/02,2017/12/21,,10483,817
TXO_N5,2017/9/18,11.48,11.5,10.98,11.02,TX201803 ??? 2018/03,2017/12/21,-0.0859,10468,434
TXO_N5,2017/9/15,11.66,11.73,11.25,11.25,TX201806 ??? 2018/06,2017/12/21,-0.0864,10410,247
TXO_N5,2017/9/15,10.42,10.44,9.95,10.06,TX201712 ??? 2017/12,2017/12/20,0.3825,10497,88577
TXO_N5,2017/9/14,12.09,12.17,11.62,11.62,TX201801 ??? 2018/01,2017/12/20,0.6128,10509,68392
TXO_N5,2017/9/14,10.58,10.85,10.24,10.32,TX201803 ??? 2018/03,2017/12/20,0.6146,10477,717
TXO_N5,2017/9/13,12.54,12.57,12.06,12.15,TX201806 ??? 2018/06,2017/12/20,0.521,10420,257
TXO_N5,2017/9/13,10.85,11.09,10.58,10.72,TX201712 ??? 2017/12,2017/12/19,-0.419,10459,152949
TXO_N5,2017/9/12,13.11,13.18,12.49,12.49,TX201801 ??? 2018/01,2017/12/19,-0.429,10446,49371
TXO_N5,2017/9/12,11.72,11.72,10.95,10.97,TX201803 ??? 2018/03,2017/12/19,-0.4112,10413,687
TXO_N5,2017/9/11,13.35,13.78,13.35,13.48,TX201806 ??? 2018/06,2017/12/19,-0.3461,10365,386
TXO_N5,2017/9/11,11.8,12.07,11.56,11.78,TX201712 ??? 2017/12,2017/12/18,0.1526,10502,137457
TXO_N5,2017/9/8,13.73,13.88,13.5,13.8,TX201801 ??? 2018/01,2017/12/18,0.2198,10490,37121
TXO_N5,2017/9/8,11.76,11.94,11.43,11.48,TX201803 ??? 2018/03,2017/12/18,0.2493,10456,300
TXO_N5,2017/9/7,13.25,13.87,13.13,13.87,TX201806 ??? 2018/06,2017/12/18,0.212,10401,131
TXO_N5,2017/9/7,11.22,11.91,11.18,11.81,TX201712 ??? 2017/12,2017/12/15,-0.399,10485,165569
TXO_N5,2017/9/6,13.56,14.05,13.38,14.05,TX201801 ??? 2018/01,2017/12/15,-0.4376,10465,17959
TXO_N5,2017/9/6,11.7,12.17,11.5,11.78,TX201803 ??? 2018/03,2017/12/15,-0.4676,10432,556
TXO_N5,2017/9/5,12.86,13.71,12.71,13.71,TX201806 ??? 2018/06,2017/12/15,-0.4699,10379,294
TXO_N5,2017/9/5,11.14,11.38,10.93,11.16,TX201712 ??? 2017/12,2017/12/14,0.7368,10528,137554
TXO_N5,2017/9/4,13.04,13.28,12.81,13.28,TX201801 ??? 2018/01,2017/12/14,0.6993,10512,10587
TXO_N5,2017/9/4,11.19,11.37,10.97,11.11,TX201803 ??? 2018/03,2017/12/14,0.6822,10479,396
TXO_N5,2017/9/1,12.17,12.4,12.08,12.25,TX201806 ??? 2018/06,2017/12/14,0.705,10428,138
TXO_N5,2017/9/1,10.35,10.55,10.07,10.2,TX201712 ??? 2017/12,2017/12/13,0.1821,10449,116735
TXO_N5,2017/8/31,12.03,12.6,11.96,12.6,TX201801 ??? 2018/01,2017/12/13,0.1823,10439,4362
TXO_N5,2017/8/31,10.23,10.61,10.18,10.5,TX201803 ??? 2018/03,2017/12/13,0.1829,10408,299
TXO_N5,2017/8/30,12.25,12.36,11.92,12.36,TX201806 ??? 2018/06,2017/12/13,0.1644,10355,89
TXO_N5,2017/8/30,10.46,10.46,10.17,10.35,TX201712 ??? 2017/12,2017/12/12,-0.4486,10432,133771
TXO_N5,2017/8/29,12.57,13.36,12.35,12.66,TX201801 ??? 2018/01,2017/12/12,-0.4395,10422,5199
TXO_N5,2017/8/29,10.8,11.21,10.77,10.85,TX201803 ??? 2018/03,2017/12/12,-0.4408,10389,657
TXO_N5,2017/8/28,11.65,12.02,11.63,12.02,TX201806 ??? 2018/06,2017/12/12,-0.4238,10338,153
TXO_N5,2017/8/28,10.29,10.34,10.03,10.26,TX201712 ??? 2017/12,2017/12/11,0.7888,10479,120409
TXO_N5,2017/8/25,11.22,11.5,11.1,11.29,TX201801 ??? 2018/01,2017/12/11,0.8091,10466,4025
TXO_N5,2017/8/25,9.81,10.03,9.64,9.64,TX201803 ??? 2018/03,2017/12/11,0.8213,10435,464
TXO_N5,2017/8/24,11.52,11.55,11.18,11.35,TX201806 ??? 2018/06,2017/12/11,0.7961,10382,154
TXO_N5,2017/8/24,10.12,10.18,9.67,9.76,TX201712 ??? 2017/12,2017/12/8,0.2991,10397,143627
TXO_N5,2017/8/23,11.52,11.81,11.47,11.75,TX201801 ??? 2018/01,2017/12/8,0.2995,10383,6102
TXO_N5,2017/8/23,10.54,10.54,10.1,10.35,TX201803 ??? 2018/03,2017/12/8,0.3393,10350,578
TXO_N5,2017/8/22,12.85,12.85,11.84,12.08,TX201806 ??? 2018/06,2017/12/8,0.3703,10300,307
TXO_N5,2017/8/22,10.66,10.84,10.51,10.68,TX201712 ??? 2017/12,2017/12/7,-0.183,10360,167939
TXO_N5,2017/8/21,13.03,13.26,12.72,13.03,TX201801 ??? 2018/01,2017/12/7,-0.1736,10346,4875
TXO_N5,2017/8/21,11.75,11.92,11.38,11.43,TX201803 ??? 2018/03,2017/12/7,-0.2321,10315,533
TXO_N5,2017/8/18,12.87,13.35,12.39,12.67,TX201806 ??? 2018/06,2017/12/7,-0.2527,10262,361
TXO_N5,2017/8/18,11.59,11.97,11.2,11.33,TX201712 ??? 2017/12,2017/12/6,-1.769,10386,202074
TXO_N5,2017/8/17,12.45,12.53,11.67,11.98,TX201801 ??? 2018/01,2017/12/6,-1.7901,10370,6916
TXO_N5,2017/8/17,10.97,11.19,10.45,10.56,TX201803 ??? 2018/03,2017/12/6,-1.7766,10339,642
TXO_N5,2017/8/16,13.09,15.16,12.76,12.77,TX201806 ??? 2018/06,2017/12/6,-1.7477,10288,1047
TXO_N5,2017/8/16,11.77,16.3,11.43,11.57,TX201712 ??? 2017/12,2017/12/5,-0.7325,10573,158257
TXO_N5,2017/8/15,13.5,13.51,13.05,13.05,TX201801 ??? 2018/01,2017/12/5,-0.7334,10559,4061
TXO_N5,2017/8/15,11.9,12.57,11.63,11.76,TX201803 ??? 2018/03,2017/12/5,-0.7356,10526,430
TXO_N5,2017/8/14,13.34,14.03,13.34,13.87,TX201806 ??? 2018/06,2017/12/5,-0.6546,10471,299
TXO_N5,2017/8/14,11.99,12.59,11.99,12.56,TX201712 ??? 2017/12,2017/12/4,0.4338,10649,140764
TXO_N5,2017/8/11,14.74,15.23,14.18,14.38,TX201801 ??? 2018/01,2017/12/4,0.4344,10636,3638
TXO_N5,2017/8/11,13.72,13.72,12.12,12.25,TX201803 ??? 2018/03,2017/12/4,0.3977,10605,321
TXO_N5,2017/8/10,11.79,13.39,11.75,13.23,TX201806 ??? 2018/06,2017/12/4,0.2378,10540,185
TXO_N5,2017/8/10,10.6,11.99,10.49,11.79,TX201712 ??? 2017/12,2017/12/1,0.2553,10604,199655
TXO_N5,2017/8/9,11.99,12.49,11.99,12.15,TX201801 ??? 2018/01,2017/12/1,0.2461,10591,5045
TXO_N5,2017/8/9,11.6,11.6,10.74,10.82,TX201803 ??? 2018/03,2017/12/1,0.2087,10562,548
TXO_N5,2017/8/8,11.12,11.44,10.98,11.41,TX201806 ??? 2018/06,2017/12/1,0.2192,10515,395
TXO_N5,2017/8/8,10.1,10.46,9.93,10.11,TX201712 ??? 2017/12,2017/11/30,-1.4169,10574,165880
TXO_N5,2017/8/7,11.44,11.51,11.1,11.33,TX201801 ??? 2018/01,2017/11/30,-1.4092,10564,3601
TXO_N5,2017/8/7,10.46,10.46,9.91,10.1,TX201803 ??? 2018/03,2017/11/30,-1.4032,10540,728
TXO_N5,2017/8/4,11.27,11.43,11.22,11.4,TX201806 ??? 2018/06,2017/11/30,-1.2146,10492,319
TXO_N5,2017/8/4,10.24,10.38,10.01,10.15,TX201712 ??? 2017/12,2017/11/29,0.1868,10729,109461
TXO_N5,2017/8/3,18.9,18.9,10.8,10.96,TX201801 ??? 2018/01,2017/11/29,0.1964,10716,2244
TXO_N5,2017/8/3,11.34,11.34,9.72,9.99,TX201803 ??? 2018/03,2017/11/29,0.225,10690,463
TXO_N5,2017/8/2,10.25,14.83,10.16,14.83,TX201806 ??? 2018/06,2017/11/29,0.0377,10621,68
TXO_N5,2017/8/2,9.26,9.52,9.12,9.12,TX201712 ??? 2017/12,2017/11/28,-0.3814,10708,126732
TXO_N5,2017/8/1,10.23,10.96,10.15,10.26,TX201801 ??? 2018/01,2017/11/28,-0.3912,10695,2676
TXO_N5,2017/8/1,9.37,9.58,9.22,9.43,TX201803 ??? 2018/03,2017/11/28,-0.4015,10666,255
TXO_N5,2017/7/31,10.56,10.9,10.24,10.9,TX201806 ??? 2018/06,2017/11/28,-0.4034,10617,122
TXO_N5,2017/7/31,10.11,10.12,9.28,9.28,TX201712 ??? 2017/12,2017/11/27,-0.9674,10750,133131
TXO_N5,2017/7/28,10.02,10.5,10.02,10.5,TX201801 ??? 2018/01,2017/11/27,-0.9503,10736,2924
TXO_N5,2017/7/28,9.48,9.87,9.38,9.53,TX201803 ??? 2018/03,2017/11/27,-0.971,10709,385
TXO_N5,2017/7/27,10.03,10.09,9.73,9.92,TX201806 ??? 2018/06,2017/11/27,-0.9386,10660,134
TXO_N5,2017/7/27,9.31,9.6,8.81,8.96,TX201712 ??? 2017/12,2017/11/24,0,10856,62301
TXO_N5,2017/7/26,10.3,10.32,10.1,10.2,TX201801 ??? 2018/01,2017/11/24,-0.0369,10842,970
TXO_N5,2017/7/26,9.71,10.05,9.46,9.74,TX201803 ??? 2018/03,2017/11/24,-0.0092,10816,114
TXO_N5,2017/7/25,10.58,10.7,10.32,10.7,TX201806 ??? 2018/06,2017/11/24,-0.0372,10761,49
TXO_N5,2017/7/25,10.06,10.17,9.83,10,TX201712 ??? 2017/12,2017/11/23,0.2586,10856,79595
TXO_N5,2017/7/24,10.95,10.99,10.41,10.58,TX201801 ??? 2018/01,2017/11/23,0.2682,10843,1317
TXO_N5,2017/7/24,10.67,10.67,9.85,9.87,TX201803 ??? 2018/03,2017/11/23,0.2689,10815,189
TXO_N5,2017/7/21,10.53,10.71,10.34,10.54,TX201806 ??? 2018/06,2017/11/23,0.2701,10765,47
TXO_N5,2017/7/21,10.12,10.27,9.89,10.14,TX201712 ??? 2017/12,2017/11/22,0.3802,10827,146144
TXO_N5,2017/7/20,10.76,10.76,10.48,10.48,TX201801 ??? 2018/01,2017/11/22,0.3992,10815,2770
TXO_N5,2017/7/20,10.29,10.54,10.01,10.08,TX201803 ??? 2018/03,2017/11/22,0.3816,10786,489
TXO_N5,2017/7/19,10.96,11.68,10.84,11.26,TX201806 ??? 2018/06,2017/11/22,0.4397,10736,247
TXO_N5,2017/7/19,10.25,10.77,10.05,10.22,TX201712 ??? 2017/12,2017/11/21,1.1157,10788,132592
TXO_N5,2017/7/18,11.12,12.1,10.94,12.1,TX201801 ??? 2018/01,2017/11/21,1.0982,10772,2172
TXO_N5,2017/7/18,10.78,10.78,10.32,10.32,TX201803 ??? 2018/03,2017/11/21,1.158,10746,397
TXO_N5,2017/7/17,11.43,12.09,11.16,12.09,TX201806 ??? 2018/06,2017/11/21,1.0971,10689,112
TXO_N5,2017/7/17,10.49,11.09,10.49,10.61,TX201712 ??? 2017/12,2017/11/20,-0.3457,10667,99690
TXO_N5,2017/7/14,11.54,11.6,11.14,11.19,TX201801 ??? 2018/01,2017/11/20,-0.3274,10655,1284
TXO_N5,2017/7/14,11.5,11.5,10.87,11.1,TX201803 ??? 2018/03,2017/11/20,-0.3565,10622,401
TXO_N5,2017/7/13,11.86,11.91,11.43,11.53,TX201806 ??? 2018/06,2017/11/20,-0.3581,10573,93
TXO_N5,2017/7/13,11.44,12.03,11.05,11.28,TX201712 ??? 2017/12,2017/11/17,0.81,10707,121593
TXO_N5,2017/7/12,11.81,11.92,11.68,11.8,TX201801 ??? 2018/01,2017/11/17,0.8111,10693,1325
TXO_N5,2017/7/12,11.96,12.11,11.5,12.05,TX201803 ??? 2018/03,2017/11/17,0.8229,10661,377
TXO_N5,2017/7/11,12.17,12.17,11.68,11.72,TX201806 ??? 2018/06,2017/11/17,0.8458,10612,134
TXO_N5,2017/7/11,11.69,11.92,11.02,11.23,TX201712 ??? 2017/12,2017/11/16,0.1415,10617,94296
TXO_N5,2017/7/10,12.82,12.83,12.31,12.31,TX201801 ??? 2018/01,2017/11/16,,10603,1117
TXO_N5,2017/7/10,12.75,13.1,11.98,12.2,TX201803 ??? 2018/03,2017/11/16,0.1136,10572,330
TXO_N5,2017/7/7,12.51,12.69,12.4,12.4,TX201806 ??? 2018/06,2017/11/16,0.0666,10522,126
TXO_N5,2017/7/7,12.45,12.62,11.92,12.4,TX201711 ??? 2017/11,2017/11/15,-0.4306,10638,103668
TXO_N5,2017/7/6,11.96,12.42,11.94,12.23,TX201712 ??? 2017/12,2017/11/15,-0.6559,10604,71306
TXO_N5,2017/7/6,12.53,12.53,11.59,11.84,TX201803 ??? 2018/03,2017/11/15,-0.6865,10561,691
TXO_N5,2017/7/5,11.98,12.17,11.57,12.17,TX201806 ??? 2018/06,2017/11/15,-0.6613,10516,279
TXO_N5,2017/7/5,11.65,12.45,11.1,11.8,TX201711 ??? 2017/11,2017/11/14,-0.0655,10684,147006
TXO_N5,2017/7/4,11.98,12.16,11.8,12.1,TX201712 ??? 2017/12,2017/11/14,-0.131,10673,62579
TXO_N5,2017/7/4,12.68,12.75,11.77,12.24,TX201803 ??? 2018/03,2017/11/14,-0.1315,10634,529
TXO_N5,2017/7/3,12.62,13.01,12.05,12.07,TX201806 ??? 2018/06,2017/11/14,-0.1227,10585,192
TXO_N5,2017/7/3,12.88,12.98,12.17,12.38,TX201711 ??? 2017/11,2017/11/13,-0.3449,10693,122834
TXO_N5,2017/6/30,12.76,12.76,12.11,12.33,TX201712 ??? 2017/12,2017/11/13,-0.3172,10688,33629
TXO_N5,2017/6/30,13.83,13.83,11.86,12.43,TX201803 ??? 2018/03,2017/11/13,-0.2903,10648,226
TXO_N5,2017/6/29,12.38,12.38,11.79,11.84,TX201806 ??? 2018/06,2017/11/13,-0.2635,10598,124
TXO_N5,2017/6/29,12.08,12.45,11.52,11.88,TX201711 ??? 2017/11,2017/11/10,0.056,10728,117845
TXO_N5,2017/6/28,12.48,12.6,12.25,12.52,TX201712 ??? 2017/12,2017/11/10,0.1121,10722,16056
TXO_N5,2017/6/28,13.78,13.78,12.02,12.51,TX201803 ??? 2018/03,2017/11/10,0.1407,10679,294
TXO_N5,2017/6/27,11.89,12.55,11.75,12.12,TX201806 ??? 2018/06,2017/11/10,0.1131,10626,174
TXO_N5,2017/6/27,11.81,12.71,11.81,12.14,TX201711 ??? 2017/11,2017/11/9,-0.7682,10723,160617
TXO_N5,2017/6/26,10.39,12.17,10.32,12.17,TX201712 ??? 2017/12,2017/11/9,-0.7692,10707,11364
TXO_N5,2017/6/26,10.33,11.86,10.15,11.47,TX201803 ??? 2018/03,2017/11/9,-0.7723,10664,292
TXO_N5,2017/6/23,9.9,10.4,9.8,10.4,TX201806 ??? 2018/06,2017/11/9,-0.7481,10614,155
TXO_N5,2017/6/23,10.77,11.44,10.66,10.84,TX201711 ??? 2017/11,2017/11/8,-0.1663,10804,78467
TXO_N5,2017/6/22,10.3,10.38,9.78,10.02,TX201712 ??? 2017/12,2017/11/8,-0.1665,10792,4743
TXO_N5,2017/6/22,10.5,11.61,10.49,10.83,TX201803 ??? 2018/03,2017/11/8,-0.1487,10747,77
TXO_N5,2017/6/21,9.88,10.13,9.82,9.93,TX201806 ??? 2018/06,2017/11/8,-0.1401,10694,70
TXO_N5,2017/6/21,11.3,13.01,10.38,10.53,TX201711 ??? 2017/11,2017/11/7,0.4828,10825,101729
TXO_N5,2017/6/20,9.97,10.04,9.71,9.86,TX201712 ??? 2017/12,2017/11/7,0.4741,10809,3754
TXO_N5,2017/6/20,10.74,11.96,10.74,11.51,TX201803 ??? 2018/03,2017/11/7,0.4573,10763,221
TXO_N5,2017/6/19,10.32,11.02,9.96,11.02,TX201806 ??? 2018/06,2017/11/7,0.4314,10710,170
TXO_N5,2017/6/19,11.34,11.87,11.07,11.53,TX201711 ??? 2017/11,2017/11/6,-0.1483,10771,132222
,,,,,,TX201712 ??? 2017/12,2017/11/6,-0.1485,10759,3807
,,,,,,TX201803 ??? 2018/03,2017/11/6,-0.1491,10714,274
,,,,,,TX201806 ??? 2018/06,2017/11/6,-0.1592,10663,84
,,,,,,TX201711 ??? 2017/11,2017/11/3,0.0557,10788,108240
,,,,,,TX201712 ??? 2017/12,2017/11/3,0.0557,10776,2401
,,,,,,TX201803 ??? 2018/03,2017/11/3,0.0653,10730,157
,,,,,,TX201806 ??? 2018/06,2017/11/3,0.0656,10680,81
,,,,,,TX201711 ??? 2017/11,2017/11/2,-0.2498,10781,104964
,,,,,,TX201712 ??? 2017/12,2017/11/2,-0.2501,10767,2074
,,,,,,TX201803 ??? 2018/03,2017/11/2,-0.2512,10723,219
,,,,,,TX201806 ??? 2018/06,2017/11/2,-0.243,10673,51
,,,,,,TX201711 ??? 2017/11,2017/11/1,0.2411,10809,119466
,,,,,,TX201712 ??? 2017/12,2017/11/1,0.2414,10797,2925
,,,,,,TX201803 ??? 2018/03,2017/11/1,0.2518,10750,520
,,,,,,TX201806 ??? 2018/06,2017/11/1,0.2906,10700,168
,,,,,,TX201711 ??? 2017/11,2017/10/31,0.3443,10783,119823
,,,,,,TX201712 ??? 2017/12,2017/10/31,0.3261,10770,2669
,,,,,,TX201803 ??? 2018/03,2017/10/31,0.3087,10723,298
,,,,,,TX201806 ??? 2018/06,2017/10/31,0.2632,10668,287
,,,,,,TX201711 ??? 2017/11,2017/10/30,0.3268,10748,157841
,,,,,,TX201712 ??? 2017/12,2017/10/30,0.3271,10734,4794
,,,,,,TX201803 ??? 2018/03,2017/10/30,0.3191,10690,368
,,,,,,TX201806 ??? 2018/06,2017/10/30,0.3206,10640,212
,,,,,,TX201711 ??? 2017/11,2017/10/27,-0.1492,10710,146685
,,,,,,TX201712 ??? 2017/12,2017/10/27,-0.168,10700,3708
,,,,,,TX201803 ??? 2018/03,2017/10/27,-0.178,10656,351
,,,,,,TX201806 ??? 2018/06,2017/10/27,-0.1882,10606,142
,,,,,,TX201711 ??? 2017/11,2017/10/26,-0.1118,10728,100701
,,,,,,TX201712 ??? 2017/12,2017/10/26,-0.1025,10717,1729
,,,,,,TX201803 ??? 2018/03,2017/10/26,-0.0936,10675,137
,,,,,,TX201806 ??? 2018/06,2017/10/26,-0.1128,10626,72
,,,,,,TX201711 ??? 2017/11,2017/10/25,-0.0558,10739,118851
,,,,,,TX201712 ??? 2017/12,2017/10/25,-0.0652,10729,2040
,,,,,,TX201803 ??? 2018/03,2017/10/25,-0.0748,10685,264
,,,,,,TX201806 ??? 2018/06,2017/10/25,-0.0188,10638,175
,,,,,,TX201711 ??? 2017/11,2017/10/24,0.0745,10744,90267
,,,,,,TX201712 ??? 2017/12,2017/10/24,0.0839,10735,1381
,,,,,,TX201803 ??? 2018/03,2017/10/24,0.0655,10693,109
,,,,,,TX201806 ??? 2018/06,2017/10/24,0.0564,10640,101
,,,,,,TX201711 ??? 2017/11,2017/10/23,0.0652,10736,115411
,,,,,,TX201712 ??? 2017/12,2017/10/23,0.0466,10727,2240
,,,,,,TX201803 ??? 2018/03,2017/10/23,0.0655,10686,132
,,,,,,TX201806 ??? 2018/06,2017/10/23,0.113,10636,137
,,,,,,TX201711 ??? 2017/11,2017/10/20,-0.2974,10732,115444
,,,,,,TX201712 ??? 2017/12,2017/10/20,-0.2698,10722,2066
,,,,,,TX201803 ??? 2018/03,2017/10/20,-0.2149,10679,324
,,,,,,TX201806 ??? 2018/06,2017/10/20,-0.2161,10624,175
,,,,,,TX201711 ??? 2017/11,2017/10/19,0.345,10761,119912
,,,,,,TX201712 ??? 2017/12,2017/10/19,0.3547,10752,1921
,,,,,,TX201803 ??? 2018/03,2017/10/19,0.4128,10702,438
,,,,,,TX201806 ??? 2018/06,2017/10/19,0.4245,10645,448
,,,,,,TX201710 ??? 2017/10,2017/10/18,0.056,10727,95719
,,,,,,TX201711 ??? 2017/11,2017/10/18,0.084,10723,70004
,,,,,,TX201712 ??? 2017/12,2017/10/18,0.1121,10711,1066
,,,,,,TX201803 ??? 2018/03,2017/10/18,0.1409,10658,239
,,,,,,TX201806 ??? 2018/06,2017/10/18,0.189,10600,104
,,,,,,TX201710 ??? 2017/10,2017/10/17,-0.3161,10724,119600
,,,,,,TX201711 ??? 2017/11,2017/10/17,-0.2606,10716,47778
,,,,,,TX201712 ??? 2017/12,2017/10/17,-0.2517,10701,576
,,,,,,TX201803 ??? 2018/03,2017/10/17,-0.2717,10643,219
,,,,,,TX201806 ??? 2018/06,2017/10/17,-0.2734,10580,95
,,,,,,TX201710 ??? 2017/10,2017/10/16,0.4295,10757,125324
,,,,,,TX201711 ??? 2017/11,2017/10/16,0.43,10744,38133
,,,,,,TX201712 ??? 2017/12,2017/10/16,0.4213,10728,690
,,,,,,TX201803 ??? 2018/03,2017/10/16,0.4234,10672,556
,,,,,,TX201806 ??? 2018/06,2017/10/16,0.426,10609,196
,,,,,,TX201710 ??? 2017/10,2017/10/13,0.1215,10711,80576
,,,,,,TX201711 ??? 2017/11,2017/10/13,0.1404,10698,12367
,,,,,,TX201712 ??? 2017/12,2017/10/13,0.15,10683,405
,,,,,,TX201803 ??? 2018/03,2017/10/13,0.1413,10627,101
,,,,,,TX201806 ??? 2018/06,2017/10/13,0.1517,10565,48
,,,,,,TX201710 ??? 2017/10,2017/10/12,0.6114,10697,103406
,,,,,,TX201711 ??? 2017/11,2017/10/12,0.6312,10682,10793
,,,,,,TX201712 ??? 2017/12,2017/10/12,0.6226,10666,613
,,,,,,TX201803 ??? 2018/03,2017/10/12,0.6354,10612,751
,,,,,,TX201806 ??? 2018/06,2017/10/12,0.6393,10548,364
,,,,,,TX201710 ??? 2017/10,2017/10/11,1.0358,10633,167230
,,,,,,TX201711 ??? 2017/11,2017/10/11,1.0375,10615,8441
,,,,,,TX201712 ??? 2017/12,2017/10/11,1.039,10601,1271
,,,,,,TX201803 ??? 2018/03,2017/10/11,1.0251,10545,583
,,,,,,TX201806 ??? 2018/06,2017/10/11,1.0314,10481,222
,,,,,,TX201710 ??? 2017/10,2017/10/6,0.1713,10524,92459
,,,,,,TX201711 ??? 2017/11,2017/10/6,0.1621,10507,2674
,,,,,,TX201712 ??? 2017/12,2017/10/6,0.2006,10491,458
,,,,,,TX201803 ??? 2018/03,2017/10/6,0.1727,10440,125
,,,,,,TX201806 ??? 2018/06,2017/10/6,0.1835,10373,71
,,,,,,TX201710 ??? 2017/10,2017/10/5,0.4014,10505,110479
,,,,,,TX201711 ??? 2017/11,2017/10/5,0.4116,10490,3495
,,,,,,TX201712 ??? 2017/12,2017/10/5,0.3931,10470,625
,,,,,,TX201803 ??? 2018/03,2017/10/5,0.4337,10420,397
,,,,,,TX201806 ??? 2018/06,2017/10/5,0.417,10355,72
,,,,,,TX201710 ??? 2017/10,2017/10/3,0.1244,10462,110520
,,,,,,TX201711 ??? 2017/11,2017/10/3,0.1246,10447,2759
,,,,,,TX201712 ??? 2017/12,2017/10/3,0.1248,10429,737
,,,,,,TX201803 ??? 2018/03,2017/10/3,0.1061,10375,354
,,,,,,TX201806 ??? 2018/06,2017/10/3,0.1262,10312,76
,,,,,,TX201710 ??? 2017/10,2017/10/2,0.6841,10449,110414
,,,,,,TX201711 ??? 2017/11,2017/10/2,0.6949,10433,3633
,,,,,,TX201712 ??? 2017/12,2017/10/2,0.6571,10416,786
,,,,,,TX201803 ??? 2018/03,2017/10/2,0.6996,10364,1290
,,,,,,TX201806 ??? 2018/06,2017/10/2,0.6745,10299,69
,,,,,,TX201710 ??? 2017/10,2017/9/30,0.5912,10380,45435
,,,,,,TX201711 ??? 2017/11,2017/9/30,0.5922,10362,1085
,,,,,,TX201712 ??? 2017/12,2017/9/30,0.6419,10348,502
,,,,,,TX201803 ??? 2018/03,2017/9/30,0.5864,10292,152
,,,,,,TX201806 ??? 2018/06,2017/9/30,0.6593,10230,129
,,,,,,TX201710 ??? 2017/10,2017/9/29,0.1262,10321,128676
,,,,,,TX201711 ??? 2017/11,2017/9/29,0.1361,10301,3113
,,,,,,TX201712 ??? 2017/12,2017/9/29,0.0974,10282,359
,,,,,,TX201803 ??? 2018/03,2017/9/29,0.1174,10232,185
,,,,,,TX201806 ??? 2018/06,2017/9/29,-0.0197,10163,168
,,,,,,TX201710 ??? 2017/10,2017/9/28,-0.1744,10299,161794
,,,,,,TX201711 ??? 2017/11,2017/9/28,-0.165,10282,3544
,,,,,,TX201712 ??? 2017/12,2017/9/28,-0.1555,10268,3337
,,,,,,TX201803 ??? 2018/03,2017/9/28,-0.244,10217,117
,,,,,,TX201806 ??? 2018/06,2017/9/28,-0.1768,10165,96
,,,,,,TX201710 ??? 2017/10,2017/9/27,0.5846,10319,130608
,,,,,,TX201711 ??? 2017/11,2017/9/27,0.5661,10303,3188
,,,,,,TX201712 ??? 2017/12,2017/9/27,0.567,10286,515
,,,,,,TX201803 ??? 2018/03,2017/9/27,0.599,10245,159
,,,,,,TX201806 ??? 2018/06,2017/9/27,0.6424,10183,182
,,,,,,TX201710 ??? 2017/10,2017/9/26,-0.6678,10264,167202
,,,,,,TX201711 ??? 2017/11,2017/9/26,-0.669,10243,3394
,,,,,,TX201712 ??? 2017/12,2017/9/26,-0.6989,10230,1070
,,,,,,TX201803 ??? 2018/03,2017/9/26,-0.6439,10184,297
,,,,,,TX201806 ??? 2018/06,2017/9/26,-0.6968,10118,412
,,,,,,TX201710 ??? 2017/10,2017/9/25,-0.9586,10333,167936
,,,,,,TX201711 ??? 2017/11,2017/9/25,-0.9698,10316,3517
,,,,,,TX201712 ??? 2017/12,2017/9/25,-0.9518,10302,864
,,,,,,TX201803 ??? 2018/03,2017/9/25,-0.9758,10250,166
,,,,,,TX201806 ??? 2018/06,2017/9/25,-0.9912,10189,507
,,,,,,TX201710 ??? 2017/10,2017/9/22,-1.3336,10433,168874
,,,,,,TX201711 ??? 2017/11,2017/9/22,-1.3451,10415,2437
,,,,,,TX201712 ??? 2017/12,2017/9/22,-1.3281,10401,745
,,,,,,TX201803 ??? 2018/03,2017/9/22,-1.3533,10351,261
,,,,,,TX201806 ??? 2018/06,2017/9/22,-1.3043,10291,265
,,,,,,TX201710 ??? 2017/10,2017/9/21,0.5803,10575,135327
,,,,,,TX201711 ??? 2017/11,2017/9/21,,10558,1984
,,,,,,TX201712 ??? 2017/12,2017/9/21,0.5917,10542,1691
,,,,,,TX201803 ??? 2018/03,2017/9/21,0.6137,10493,138
,,,,,,TX201806 ??? 2018/06,2017/9/21,0.5691,10427,114
,,,,,,TX201709 ??? 2017/09,2017/9/20,-0.6522,10510,112339
,,,,,,TX201710 ??? 2017/10,2017/9/20,-0.4074,10513,86185
,,,,,,TX201712 ??? 2017/12,2017/9/20,-0.4181,10478,868
,,,,,,TX201803 ??? 2018/03,2017/9/20,-0.4486,10429,249
,,,,,,TX201806 ??? 2018/06,2017/9/20,-0.4513,10368,139
,,,,,,TX201709 ??? 2017/09,2017/9/19,-0.5266,10580,146041
,,,,,,TX201710 ??? 2017/10,2017/9/19,-0.5746,10554,47987
,,,,,,TX201712 ??? 2017/12,2017/9/19,-0.5388,10523,1720
,,,,,,TX201803 ??? 2018/03,2017/9/19,-0.5412,10476,331
,,,,,,TX201806 ??? 2018/06,2017/9/19,-0.5728,10415,253
,,,,,,TX201709 ??? 2017/09,2017/9/18,0.653,10636,136401
,,,,,,TX201710 ??? 2017/10,2017/9/18,0.702,10616,42544
,,,,,,TX201712 ??? 2017/12,2017/9/18,0.6756,10580,640
,,,,,,TX201803 ??? 2018/03,2017/9/18,0.7268,10533,257
,,,,,,TX201806 ??? 2018/06,2017/9/18,0.6728,10475,142
,,,,,,TX201709 ??? 2017/09,2017/9/15,0.3514,10566,139760
,,,,,,TX201710 ??? 2017/10,2017/9/15,0.3618,10543,17297
,,,,,,TX201712 ??? 2017/12,2017/9/15,0.3437,10509,470
,,,,,,TX201803 ??? 2018/03,2017/9/15,0.2973,10457,86
,,,,,,TX201806 ??? 2018/06,2017/9/15,0.3859,10405,90
,,,,,,TX201709 ??? 2017/09,2017/9/14,0.076,10529,112018
,,,,,,TX201710 ??? 2017/10,2017/9/14,0.0667,10503,8720
,,,,,,TX201712 ??? 2017/12,2017/9/14,0.086,10473,542
,,,,,,TX201803 ??? 2018/03,2017/9/14,0.0864,10426,101
,,,,,,TX201806 ??? 2018/06,2017/9/14,0.0483,10365,69
,,,,,,TX201709 ??? 2017/09,2017/9/13,-0.6422,10521,137962
,,,,,,TX201710 ??? 2017/10,2017/9/13,-0.6624,10497,6495
,,,,,,TX201712 ??? 2017/12,2017/9/13,-0.6551,10464,281
,,,,,,TX201803 ??? 2018/03,2017/9/13,-0.677,10417,207
,,,,,,TX201806 ??? 2018/06,2017/9/13,-0.6997,10360,95
,,,,,,TX201709 ??? 2017/09,2017/9/12,0.2461,10590,108726
,,,,,,TX201710 ??? 2017/10,2017/9/12,0.2467,10568,4088
,,,,,,TX201712 ??? 2017/12,2017/9/12,0.2284,10533,302
,,,,,,TX201803 ??? 2018/03,2017/9/12,0.2581,10488,160
,,,,,,TX201806 ??? 2018/06,2017/9/12,0.2595,10433,47
,,,,,,TX201709 ??? 2017/09,2017/9/11,0.1137,10565,149476
,,,,,,TX201710 ??? 2017/10,2017/9/11,0.114,10541,6860
,,,,,,TX201712 ??? 2017/12,2017/9/11,0.1143,10509,320
,,,,,,TX201803 ??? 2018/03,2017/9/11,0.1053,10461,145
,,,,,,TX201806 ??? 2018/06,2017/9/11,0.0962,10406,56
,,,,,,TX201709 ??? 2017/09,2017/9/8,0.5719,10556,135862
,,,,,,TX201710 ??? 2017/10,2017/9/8,0.5347,10535,4171
,,,,,,TX201712 ??? 2017/12,2017/9/8,0.5267,10501,429
,,,,,,TX201803 ??? 2018/03,2017/9/8,0.5001,10450,158
,,,,,,TX201806 ??? 2018/06,2017/9/8,0.4833,10396,50
,,,,,,TX201709 ??? 2017/09,2017/9/7,-0.2757,10490,135940
,,,,,,TX201710 ??? 2017/10,2017/9/7,-0.2761,10472,3599
,,,,,,TX201712 ??? 2017/12,2017/9/7,-0.2484,10442,291
,,,,,,TX201803 ??? 2018/03,2017/9/7,-0.259,10397,135
,,,,,,TX201806 ??? 2018/06,2017/9/7,-0.2026,10346,61
,,,,,,TX201709 ??? 2017/09,2017/9/6,-0.5859,10519,151864
,,,,,,TX201710 ??? 2017/10,2017/9/6,-0.5869,10502,3540
,,,,,,TX201712 ??? 2017/12,2017/9/6,-0.6171,10468,361
,,,,,,TX201803 ??? 2018/03,2017/9/6,-0.6007,10425,135
,,,,,,TX201806 ??? 2018/06,2017/9/6,-0.604,10367,91
,,,,,,TX201709 ??? 2017/09,2017/9/5,0.2843,10582,111648
,,,,,,TX201710 ??? 2017/10,2017/9/5,0.2753,10564,2628
,,,,,,TX201712 ??? 2017/12,2017/9/5,0.2761,10533,160
,,,,,,TX201803 ??? 2018/03,2017/9/5,0.2294,10488,101
,,,,,,TX201806 ??? 2018/06,2017/9/5,0.2788,10430,41
,,,,,,TX201709 ??? 2017/09,2017/9/4,-0.2081,10552,93022
,,,,,,TX201710 ??? 2017/10,2017/9/4,-0.1895,10534,2719
,,,,,,TX201712 ??? 2017/12,2017/9/4,-0.1711,10504,281
,,,,,,TX201803 ??? 2018/03,2017/9/4,-0.105,10464,74
,,,,,,TX201806 ??? 2018/06,2017/9/4,-0.1919,10401,75
,,,,,,TX201709 ??? 2017/09,2017/9/1,0.2275,10576,100581
,,,,,,TX201710 ??? 2017/10,2017/9/1,0.2565,10556,2139
,,,,,,TX201712 ??? 2017/12,2017/9/1,0.2955,10522,631
,,,,,,TX201803 ??? 2018/03,2017/9/1,0.2776,10475,120
,,,,,,TX201806 ??? 2018/06,2017/9/1,0.2405,10421,61
,,,,,,TX201709 ??? 2017/09,2017/8/31,0.1899,10551,118821
,,,,,,TX201710 ??? 2017/10,2017/8/31,0.1808,10530,2058
,,,,,,TX201712 ??? 2017/12,2017/8/31,0.1719,10491,232
,,,,,,TX201803 ??? 2018/03,2017/8/31,0.1726,10446,99
,,,,,,TX201806 ??? 2018/06,2017/8/31,0.2121,10396,92
,,,,,,TX201709 ??? 2017/09,2017/8/30,0.6307,10531,133868
,,,,,,TX201710 ??? 2017/10,2017/8/30,0.6416,10510,3037
,,,,,,TX201712 ??? 2017/12,2017/8/30,0.6245,10473,411
,,,,,,TX201803 ??? 2018/03,2017/8/30,0.6272,10428,117
,,,,,,TX201806 ??? 2018/06,2017/8/30,0.5915,10375,72
,,,,,,TX201709 ??? 2017/09,2017/8/29,-0.2383,10463,124977
,,,,,,TX201710 ??? 2017/10,2017/8/29,-0.2198,10441,2384
,,,,,,TX201712 ??? 2017/12,2017/8/29,-0.2109,10408,315
,,,,,,TX201803 ??? 2018/03,2017/8/29,-0.2215,10363,108
,,,,,,TX201806 ??? 2018/06,2017/8/29,-0.2032,10313,32
,,,,,,TX201709 ??? 2017/09,2017/8/28,0.0191,10490,104313
,,,,,,TX201710 ??? 2017/10,2017/8/28,0.0287,10466,2136
,,,,,,TX201712 ??? 2017/12,2017/8/28,0.0192,10430,121
,,,,,,TX201803 ??? 2018/03,2017/8/28,0.0289,10386,95
,,,,,,TX201806 ??? 2018/06,2017/8/28,0.0775,10334,62
,,,,,,TX201709 ??? 2017/09,2017/8/25,0.3829,10487,106737
,,,,,,TX201710 ??? 2017/10,2017/8/25,0.3645,10463,1940
,,,,,,TX201712 ??? 2017/12,2017/8/25,0.3754,10428,359
,,,,,,TX201803 ??? 2018/03,2017/8/25,0.3479,10383,68
,,,,,,TX201806 ??? 2018/06,2017/8/25,0.3889,10326,38
,,,,,,TX201709 ??? 2017/09,2017/8/24,0.8495,10449,117763
,,,,,,TX201710 ??? 2017/10,2017/8/24,0.8514,10424,3116
,,,,,,TX201712 ??? 2017/12,2017/8/24,0.8151,10388,423
,,,,,,TX201803 ??? 2018/03,2017/8/24,0.9168,10347,133
,,,,,,TX201806 ??? 2018/06,2017/8/24,0.774,10286,93
,,,,,,TX201709 ??? 2017/09,2017/8/23,0.0966,10361,133332
,,,,,,TX201710 ??? 2017/10,2017/8/23,0.0968,10336,2913
,,,,,,TX201712 ??? 2017/12,2017/8/23,0.1069,10305,314
,,,,,,TX201803 ??? 2018/03,2017/8/23,0.0293,10253,134
,,,,,,TX201806 ??? 2018/06,2017/8/23,0.1275,10207,68
,,,,,,TX201709 ??? 2017/09,2017/8/22,0.779,10350,111527
,,,,,,TX201710 ??? 2017/10,2017/8/22,0.7611,10326,2742
,,,,,,TX201712 ??? 2017/12,2017/8/22,0.7142,10294,397
,,,,,,TX201803 ??? 2018/03,2017/8/22,0.7569,10250,175
,,,,,,TX201806 ??? 2018/06,2017/8/22,0.7711,10194,89
,,,,,,TX201709 ??? 2017/09,2017/8/21,0.117,10269,108968
,,,,,,TX201710 ??? 2017/10,2017/8/21,0.0684,10249,2946
,,,,,,TX201712 ??? 2017/12,2017/8/21,0.0881,10221,131
,,,,,,TX201803 ??? 2018/03,2017/8/21,0.0295,10173,73
,,,,,,TX201806 ??? 2018/06,2017/8/21,0,10116,25
,,,,,,TX201709 ??? 2017/09,2017/8/18,-0.3788,10259,142737
,,,,,,TX201710 ??? 2017/10,2017/8/18,-0.3794,10243,1863
,,,,,,TX201712 ??? 2017/12,2017/8/18,-0.3999,10214,310
,,,,,,TX201803 ??? 2018/03,2017/8/18,-0.3918,10170,133
,,,,,,TX201806 ??? 2018/06,2017/8/18,-0.3448,10116,45
,,,,,,TX201709 ??? 2017/09,2017/8/17,0.7141,10298,124653
,,,,,,TX201710 ??? 2017/10,2017/8/17,,10280,1880
,,,,,,TX201712 ??? 2017/12,2017/8/17,0.6973,10253,364
,,,,,,TX201803 ??? 2018/03,2017/8/17,0.6804,10210,181
,,,,,,TX201806 ??? 2018/06,2017/8/17,0.5547,10151,69
,,,,,,TX201708 ??? 2017/08,2017/8/16,-0.5239,10254,108128
,,,,,,TX201709 ??? 2017/09,2017/8/16,-0.2634,10224,78503
,,,,,,TX201712 ??? 2017/12,2017/8/16,-0.3133,10182,555
,,,,,,TX201803 ??? 2018/03,2017/8/16,-0.3537,10141,195
,,,,,,TX201806 ??? 2018/06,2017/8/16,-0.2864,10095,27
,,,,,,TX201708 ??? 2017/08,2017/8/15,0.7723,10309,142199
,,,,,,TX201709 ??? 2017/09,2017/8/15,0.7173,10251,49010
,,,,,,TX201712 ??? 2017/12,2017/8/15,0.7298,10214,567
,,,,,,TX201803 ??? 2018/03,2017/8/15,0.7125,10177,154
,,,,,,TX201806 ??? 2018/06,2017/8/15,0.7163,10124,56
,,,,,,TX201708 ??? 2017/08,2017/8/14,-0.699,10231,171611
,,,,,,TX201709 ??? 2017/09,2017/8/14,-0.8186,10178,43797
,,,,,,TX201712 ??? 2017/12,2017/8/14,-0.8022,10142,704
,,,,,,TX201803 ??? 2018/03,2017/8/14,-0.7562,10105,179
,,,,,,TX201806 ??? 2018/06,2017/8/14,-0.7994,10052,63
,,,,,,TX201708 ??? 2017/08,2017/8/11,-0.2807,10300,145659
,,,,,,TX201709 ??? 2017/09,2017/8/11,-0.3012,10260,14853
,,,,,,TX201712 ??? 2017/12,2017/8/11,-0.3218,10224,524
,,,,,,TX201803 ??? 2018/03,2017/8/11,-0.3133,10182,115
,,,,,,TX201806 ??? 2018/06,2017/8/11,-0.2657,10133,150
,,,,,,TX201708 ??? 2017/08,2017/8/10,-1.1956,10328,189091
,,,,,,TX201709 ??? 2017/09,2017/8/10,-1.1905,10290,12407
,,,,,,TX201712 ??? 2017/12,2017/8/10,-1.1471,10253,574
,,,,,,TX201803 ??? 2018/03,2017/8/10,-1.1708,10214,230
,,,,,,TX201806 ??? 2018/06,2017/8/10,-1.1577,10160,198
,,,,,,TX201708 ??? 2017/08,2017/8/9,-0.6651,10453,139249
,,,,,,TX201709 ??? 2017/09,2017/8/9,-0.6676,10416,6135
,,,,,,TX201712 ??? 2017/12,2017/8/9,-0.6988,10374,259
,,,,,,TX201803 ??? 2018/03,2017/8/9,-0.625,10335,212
,,,,,,TX201806 ??? 2018/06,2017/8/9,-0.638,10279,102
,,,,,,TX201708 ??? 2017/08,2017/8/8,-0.0475,10526,116754
,,,,,,TX201709 ??? 2017/09,2017/8/8,-0.0477,10487,4463
,,,,,,TX201712 ??? 2017/12,2017/8/8,-0.0191,10447,319
,,,,,,TX201803 ??? 2018/03,2017/8/8,-0.0865,10400,222
,,,,,,TX201806 ??? 2018/06,2017/8/8,-0.1255,10345,85
,,,,,,TX201708 ??? 2017/08,2017/8/7,0.8717,10529,91398
,,,,,,TX201709 ??? 2017/09,2017/8/7,0.8459,10494,3357
,,,,,,TX201712 ??? 2017/12,2017/8/7,0.8104,10450,391
,,,,,,TX201803 ??? 2018/03,2017/8/7,0.794,10409,301
,,,,,,TX201806 ??? 2018/06,2017/8/7,0.8274,10358,115
,,,,,,TX201708 ??? 2017/08,2017/8/4,0.3075,10439,82751
,,,,,,TX201709 ??? 2017/09,2017/8/4,0.2892,10404,2691
,,,,,,TX201712 ??? 2017/12,2017/8/4,0.3291,10365,288
,,,,,,TX201803 ??? 2018/03,2017/8/4,0.3108,10327,118
,,,,,,TX201806 ??? 2018/06,2017/8/4,0.2831,10273,90
,,,,,,TX201708 ??? 2017/08,2017/8/3,-0.4401,10406,135087
,,,,,,TX201709 ??? 2017/09,2017/8/3,-0.4415,10375,3815
,,,,,,TX201712 ??? 2017/12,2017/8/3,-0.4816,10331,341
,,,,,,TX201803 ??? 2018/03,2017/8/3,-0.4545,10295,163
,,,,,,TX201806 ??? 2018/06,2017/8/3,-0.4567,10244,87
,,,,,,TX201708 ??? 2017/08,2017/8/2,0.8296,10453,119144
,,,,,,TX201709 ??? 2017/09,2017/8/2,0.8225,10419,3442
,,,,,,TX201712 ??? 2017/12,2017/8/2,0.8158,10380,290
,,,,,,TX201803 ??? 2018/03,2017/8/2,0.7894,10342,185
,,,,,,TX201806 ??? 2018/06,2017/8/2,0.7539,10291,86
,,,,,,TX201708 ??? 2017/08,2017/8/1,0.1159,10367,124991
,,,,,,TX201709 ??? 2017/09,2017/8/1,0.0969,10335,2906
,,,,,,TX201712 ??? 2017/12,2017/8/1,0.1167,10296,234
,,,,,,TX201803 ??? 2018/03,2017/8/1,0.1366,10261,178
,,,,,,TX201806 ??? 2018/06,2017/8/1,0.0784,10214,62
,,,,,,TX201708 ??? 2017/08,2017/7/31,0.1548,10355,108339
,,,,,,TX201709 ??? 2017/09,2017/7/31,0.1552,10323,2536
,,,,,,TX201712 ??? 2017/12,2017/7/31,0.1266,10285,162
,,,,,,TX201803 ??? 2018/03,2017/7/31,0.127,10247,39
,,,,,,TX201806 ??? 2018/06,2017/7/31,0.1374,10206,17
,,,,,,TX201708 ??? 2017/08,2017/7/28,-1.0338,10340,128958
,,,,,,TX201709 ??? 2017/09,2017/7/28,-1.0274,10308,3061
,,,,,,TX201712 ??? 2017/12,2017/7/28,-1.0405,10272,276
,,,,,,TX201803 ??? 2018/03,2017/7/28,-1.0634,10234,129
,,,,,,TX201806 ??? 2018/06,2017/7/28,-1.0293,10192,60
,,,,,,TX201708 ??? 2017/08,2017/7/27,1.1326,10448,131417
,,,,,,TX201709 ??? 2017/09,2017/7/27,1.1263,10415,3711
,,,,,,TX201712 ??? 2017/12,2017/7/27,1.1696,10380,320
,,,,,,TX201803 ??? 2018/03,2017/7/27,1.1144,10344,159
,,,,,,TX201806 ??? 2018/06,2017/7/27,1.1095,10298,80
,,,,,,TX201708 ??? 2017/08,2017/7/26,-0.3088,10329,140086
,,,,,,TX201709 ??? 2017/09,2017/7/26,-0.3387,10300,3004
,,,,,,TX201712 ??? 2017/12,2017/7/26,-0.4077,10260,209
,,,,,,TX201803 ??? 2018/03,2017/7/26,-0.3798,10230,100
,,,,,,TX201806 ??? 2018/06,2017/7/26,-0.4691,10185,59
,,,,,,TX201708 ??? 2017/08,2017/7/25,0.0193,10363,90979
,,,,,,TX201709 ??? 2017/09,2017/7/25,0.0387,10333,1816
,,,,,,TX201712 ??? 2017/12,2017/7/25,0.0194,10302,96
,,,,,,TX201803 ??? 2018/03,2017/7/25,-0.0097,10269,95
,,,,,,TX201806 ??? 2018/06,2017/7/25,0.0489,10233,37
,,,,,,TX201708 ??? 2017/08,2017/7/24,0.3098,10362,97402
,,,,,,TX201709 ??? 2017/09,2017/7/24,0.2913,10331,1768
,,,,,,TX201712 ??? 2017/12,2017/7/24,0.2628,10300,130
,,,,,,TX201803 ??? 2018/03,2017/7/24,0.293,10270,140
,,,,,,TX201806 ??? 2018/06,2017/7/24,0.1763,10228,37
,,,,,,TX201708 ??? 2017/08,2017/7/21,-0.6063,10329,97427
,,,,,,TX201709 ??? 2017/09,2017/7/21,-0.6079,10300,1728
,,,,,,TX201712 ??? 2017/12,2017/7/21,-0.5999,10273,118
,,,,,,TX201803 ??? 2018/03,2017/7/21,-0.65,10240,109
,,,,,,TX201806 ??? 2018/06,2017/7/21,-0.6326,10210,50
,,,,,,TX201708 ??? 2017/08,2017/7/20,0.0674,10390,93671
,,,,,,TX201709 ??? 2017/09,2017/7/20,0.0676,10364,1778
,,,,,,TX201712 ??? 2017/12,2017/7/20,0.0775,10335,192
,,,,,,TX201803 ??? 2018/03,2017/7/20,0.0971,10307,68
,,,,,,TX201806 ??? 2018/06,2017/7/20,,10275,56
,,,,,,TX201707 ??? 2017/07,2017/7/19,0.3632,10500,91415
,,,,,,TX201708 ??? 2017/08,2017/7/19,0.377,10386,62215
,,,,,,TX201709 ??? 2017/09,2017/7/19,0.378,10357,1043
,,,,,,TX201712 ??? 2017/12,2017/7/19,0.3596,10329,357
,,,,,,TX201803 ??? 2018/03,2017/7/19,0.39,10297,166
,,,,,,TX201707 ??? 2017/07,2017/7/18,0.2587,10462,98247
,,,,,,TX201708 ??? 2017/08,2017/7/18,0.252,10344,33850
,,,,,,TX201709 ??? 2017/09,2017/7/18,0.2234,10317,503
,,,,,,TX201712 ??? 2017/12,2017/7/18,0.2729,10290,304
,,,,,,TX201803 ??? 2018/03,2017/7/18,0.2639,10257,75
,,,,,,TX201707 ??? 2017/07,2017/7/17,0.3076,10436,137588
,,,,,,TX201708 ??? 2017/08,2017/7/17,0.2623,10320,39846
,,,,,,TX201709 ??? 2017/09,2017/7/17,0.2923,10294,1187
,,,,,,TX201712 ??? 2017/12,2017/7/17,0.2442,10262,215
,,,,,,TX201803 ??? 2018/03,2017/7/17,0.2253,10230,116
,,,,,,TX201707 ??? 2017/07,2017/7/14,-0.1536,10403,79383
,,,,,,TX201708 ??? 2017/08,2017/7/14,-0.1358,10293,9997
,,,,,,TX201709 ??? 2017/09,2017/7/14,-0.1459,10265,276
,,,,,,TX201712 ??? 2017/12,2017/7/14,-0.1561,10237,134
,,,,,,TX201803 ??? 2018/03,2017/7/14,-0.1467,10207,53
,,,,,,TX201707 ??? 2017/07,2017/7/13,0.7738,10420,143543
,,,,,,TX201708 ??? 2017/08,2017/7/13,0.7528,10307,11143
,,,,,,TX201709 ??? 2017/09,2017/7/13,0.7745,10278,634
,,,,,,TX201712 ??? 2017/12,2017/7/13,0.826,10253,372
,,,,,,TX201803 ??? 2018/03,2017/7/13,0.7888,10222,197
,,,,,,TX201707 ??? 2017/07,2017/7/12,-0.029,10339,114330
,,,,,,TX201708 ??? 2017/08,2017/7/12,-0.0684,10230,4837
,,,,,,TX201709 ??? 2017/09,2017/7/12,-0.0588,10200,309
,,,,,,TX201712 ??? 2017/12,2017/7/12,-0.059,10169,176
,,,,,,TX201803 ??? 2018/03,2017/7/12,-0.0788,10142,161
,,,,,,TX201707 ??? 2017/07,2017/7/11,1.3028,10342,141931
,,,,,,TX201708 ??? 2017/08,2017/7/11,1.2864,10237,6767
,,,,,,TX201709 ??? 2017/09,2017/7/11,1.26,10207,698
,,,,,,TX201712 ??? 2017/12,2017/7/11,1.2639,10175,237
,,,,,,TX201803 ??? 2018/03,2017/7/11,1.348,10150,163
,,,,,,TX201707 ??? 2017/07,2017/7/10,0.0686,10210,111481
,,,,,,TX201708 ??? 2017/08,2017/7/10,0.0693,10106,2666
,,,,,,TX201709 ??? 2017/09,2017/7/10,0.0794,10079,325
,,,,,,TX201712 ??? 2017/12,2017/7/10,0.0797,10048,151
,,,,,,TX201803 ??? 2018/03,2017/7/10,0.0599,10015,76
,,,,,,TX201707 ??? 2017/07,2017/7/7,-0.6331,10203,120431
,,,,,,TX201708 ??? 2017/08,2017/7/7,-0.6102,10100,2664
,,,,,,TX201709 ??? 2017/09,2017/7/7,-0.6315,10071,179
,,,,,,TX201712 ??? 2017/12,2017/7/7,-0.5842,10040,117
,,,,,,TX201803 ??? 2018/03,2017/7/7,-0.5761,10009,105
,,,,,,TX201707 ??? 2017/07,2017/7/6,-0.3107,10267,130726
,,,,,,TX201708 ??? 2017/08,2017/7/6,-0.3139,10163,2961
,,,,,,TX201709 ??? 2017/09,2017/7/6,-0.2951,10135,183
,,,,,,TX201712 ??? 2017/12,2017/7/6,-0.365,10099,101
,,,,,,TX201803 ??? 2018/03,2017/7/6,-0.3563,10067,70
,,,,,,TX201707 ??? 2017/07,2017/7/5,0.8223,10301,166870
,,,,,,TX201708 ??? 2017/08,2017/7/5,0.7911,10195,4688
,,,,,,TX201709 ??? 2017/09,2017/7/5,0.7533,10165,541
,,,,,,TX201712 ??? 2017/12,2017/7/5,0.7455,10136,344
,,,,,,TX201803 ??? 2018/03,2017/7/5,0.7278,10103,210
,,,,,,TX201707 ??? 2017/07,2017/7/4,-0.7096,10217,140257
,,,,,,TX201708 ??? 2017/08,2017/7/4,-0.6972,10113,2914
,,,,,,TX201709 ??? 2017/09,2017/7/4,-0.7379,10089,316
,,,,,,TX201712 ??? 2017/12,2017/7/4,-0.7399,10061,155
,,,,,,TX201803 ??? 2018/03,2017/7/4,-0.7029,10030,130
,,,,,,TX201707 ??? 2017/07,2017/7/3,0.3512,10289,106319
,,,,,,TX201708 ??? 2017/08,2017/7/3,0.335,10186,2168
,,,,,,TX201709 ??? 2017/09,2017/7/3,0.3257,10164,610
,,,,,,TX201712 ??? 2017/12,2017/7/3,0.3465,10136,372
,,,,,,TX201803 ??? 2018/03,2017/7/3,0.3078,10101,87
,,,,,,TX201707 ??? 2017/07,2017/6/30,-0.4177,10252,124850
,,,,,,TX201708 ??? 2017/08,2017/6/30,-0.4219,10150,3920
,,,,,,TX201709 ??? 2017/09,2017/6/30,-0.3835,10133,563
,,,,,,TX201712 ??? 2017/12,2017/6/30,-0.4141,10103,169
,,,,,,TX201803 ??? 2018/03,2017/6/30,-0.435,10070,174
,,,,,,TX201707 ??? 2017/07,2017/6/29,0.3314,10297,130102
,,,,,,TX201708 ??? 2017/08,2017/6/29,0.3544,10193,3770
,,,,,,TX201709 ??? 2017/09,2017/6/29,0.286,10170,659
,,,,,,TX201712 ??? 2017/12,2017/6/29,0.2867,10143,222
,,,,,,TX201803 ??? 2018/03,2017/6/29,0.2677,10115,140
,,,,,,TX201707 ??? 2017/07,2017/6/28,-1.032,10261,160947
,,,,,,TX201708 ??? 2017/08,2017/6/28,-1.081,10156,3645
,,,,,,TX201709 ??? 2017/09,2017/6/28,-1.0827,10141,790
,,,,,,TX201712 ??? 2017/12,2017/6/28,-1.0565,10114,386
,,,,,,TX201803 ??? 2018/03,2017/6/28,-1.0302,10087,154
,,,,,,TX201707 ??? 2017/07,2017/6/27,-0.1252,10368,115847
,,,,,,TX201708 ??? 2017/08,2017/6/27,-0.1556,10269,3898
,,,,,,TX201709 ??? 2017/09,2017/6/27,-0.1655,10252,1041
,,,,,,TX201712 ??? 2017/12,2017/6/27,-0.1173,10222,442
,,,,,,TX201803 ??? 2018/03,2017/6/27,-0.1078,10192,200
,,,,,,TX201707 ??? 2017/07,2017/6/26,1.6251,10381,188289
,,,,,,TX201708 ??? 2017/08,2017/6/26,1.7412,10284,3713
,,,,,,TX201709 ??? 2017/09,2017/6/26,2.0775,10270,1774
,,,,,,TX201712 ??? 2017/12,2017/6/26,2.0746,10234,1293
,,,,,,TX201803 ??? 2018/03,2017/6/26,2.1526,10203,280
,,,,,,TX201707 ??? 2017/07,2017/6/23,-0.1564,10215,101667
,,,,,,TX201708 ??? 2017/08,2017/6/23,-0.2073,10109,2040
,,,,,,TX201709 ??? 2017/09,2017/6/23,-0.139,10060,740
,,,,,,TX201712 ??? 2017/12,2017/6/23,-0.1195,10026,393
,,,,,,TX201803 ??? 2018/03,2017/6/23,-0.12,9988,280
,,,,,,TX201707 ??? 2017/07,2017/6/22,0.5405,10231,117671
,,,,,,TX201708 ??? 2017/08,2017/6/22,,10131,2908
,,,,,,TX201709 ??? 2017/09,2017/6/22,0.5791,10077,589
,,,,,,TX201712 ??? 2017/12,2017/6/22,0.6114,10040,506
,,,,,,TX201803 ??? 2018/03,2017/6/22,0.6239,10002,225
,,,,,,TX201706 ??? 2017/06,2017/6/21,0.4553,10369,97063
,,,,,,TX201707 ??? 2017/07,2017/6/21,0.1378,10178,81672
,,,,,,TX201709 ??? 2017/09,2017/6/21,0.17,10015,983
,,,,,,TX201712 ??? 2017/12,2017/6/21,0.1506,9978,533
,,,,,,TX201803 ??? 2018/03,2017/6/21,0.1613,9938,333
,,,,,,TX201706 ??? 2017/06,2017/6/20,0.8008,10322,134420
,,,,,,TX201707 ??? 2017/07,2017/6/20,0.9437,10163,47608
,,,,,,TX201709 ??? 2017/09,2017/6/20,1.0715,10000,1126
,,,,,,TX201712 ??? 2017/12,2017/6/20,1.055,9962,715
,,,,,,TX201803 ??? 2018/03,2017/6/20,1.049,9922,473
,,,,,,TX201706 ??? 2017/06,2017/6/19,0.9265,10239,126148
,,,,,,TX201707 ??? 2017/07,2017/6/19,0.983,10067,40587
,,,,,,TX201709 ??? 2017/09,2017/6/19,1.0315,9892,718
,,,,,,TX201712 ??? 2017/12,2017/6/19,1.0662,9858,558
,,,,,,TX201803 ??? 2018/03,2017/6/19,1.0289,9819,193
